index,birga_x,valin_x,valout_x,direction_x,rates_x,volume_x,Com_x,birga_y,valin_y,valout_y,direction_y,rates_y,volume_y,Com_y,Bal1,Bal2,volume,Vol1,Vol2,Vol3,Vol4,profit,percent
0,alfa,USD,PZM,buy,0.02,55277.98922992,0.2,alfa,PZM,USD,sell,0.0197,67826.64946802,0.2,41089.627872,13015.23511546,13015.23511546,260.30470230919997,13015.23511546,12989.2046452291,255.375556848,-4.929145461199965,-1.893605999996472
1,alfa,USD,PZM,buy,0.02,55277.98922992,0.2,alfa,PZM,USD,sell,0.0196,76296.03717617999,0.2,41089.627872,13015.23511546,13015.23511546,260.30470230919997,13015.23511546,12989.2046452291,254.07923422439998,-6.225468084799985,-2.391607999998837
2,alfa,USD,PZM,buy,0.02,55277.98922992,0.2,live,PZM,USD,sell,0.01951,100.0,0.18,41089.627872,3412.91078305,100.0,2.0,100.0,99.8,1.9435932236000002,-0.0564067763999998,-2.82033881999999
3,alfa,USD,PZM,buy,0.02,55277.98922992,0.2,live,PZM,USD,sell,0.0195,200.0,0.18,41089.627872,3412.91078305,200.0,4.0,200.0,199.6,3.88519404,-0.11480595999999998,-2.8701489999999996
4,alfa,USD,PZM,buy,0.02,55277.98922992,0.2,live,PZM,USD,sell,0.01921,300.7781740000001,0.18,41089.627872,3412.91078305,300.778174,6.01556348,300.778174,300.176617652,5.756013318,-0.25955016200000003,-4.314644220162066
5,alfa,USD,PZM,buy,0.02,55277.98922992,0.2,live,PZM,USD,sell,0.019,505.73219865,0.18,41089.627872,3412.91078305,505.73219865,10.114643973,505.73219865,504.72073425269997,9.5724325017,-0.5422114712999999,-5.3606579998997255
6,alfa,USD,PZM,buy,0.02,55277.98922992,0.2,live,PZM,USD,sell,0.0188,517.99586549,0.18,41089.627872,3412.91078305,517.99586549,10.3599173098,517.99586549,516.9598737590001,9.7013517045,-0.6585656052999997,-6.356861600401263
7,alfa,USD,PZM,buy,0.0201,55290.73077994,0.2,alfa,PZM,USD,sell,0.0197,67826.64946802,0.2,40885.20186268657,13015.23511546,13015.23511546,261.6062258207,13015.23511546,12989.2046452291,255.375556848,-6.230668972699988,-2.3816975124171442
8,alfa,USD,PZM,buy,0.0201,55290.73077994,0.2,alfa,PZM,USD,sell,0.0196,76296.03717617999,0.2,40885.20186268657,13015.23511546,13015.23511546,261.6062258207,13015.23511546,12989.2046452291,254.07923422439998,-7.526991596300007,-2.8772218905290377
9,alfa,USD,PZM,buy,0.0201,55290.73077994,0.2,live,PZM,USD,sell,0.01951,100.0,0.18,40885.20186268657,3412.91078305,100.0,2.01,100.0,99.8,1.9435932236000002,-0.06640677639999959,-3.303819721393015
10,alfa,USD,PZM,buy,0.0201,55290.73077994,0.2,live,PZM,USD,sell,0.0195,200.0,0.18,40885.20186268657,3412.91078305,200.0,4.02,200.0,199.6,3.88519404,-0.13480595999999956,-3.353382089552228
11,alfa,USD,PZM,buy,0.0201,55290.73077994,0.2,live,PZM,USD,sell,0.01921,300.7781740000001,0.18,40885.20186268657,3412.91078305,300.778174,6.0456412974000004,300.778174,300.176617652,5.756013318,-0.2896279794000005,-4.790690766330422
12,alfa,USD,PZM,buy,0.0201,55290.73077994,0.2,live,PZM,USD,sell,0.019,505.73219865,0.18,40885.20186268657,3412.91078305,505.73219865,10.1652171929,505.73219865,504.72073425269997,9.5724325017,-0.5927846912000003,-5.831500497736899
13,alfa,USD,PZM,buy,0.0201,55290.73077994,0.2,live,PZM,USD,sell,0.0188,517.99586549,0.18,40885.20186268657,3412.91078305,517.99586549,10.4117168963,517.99586549,516.9598737590001,9.7013517045,-0.7103651917999994,-6.822747860657266
14,alfa,USD,PZM,buy,0.0202,74396.24062088999,0.2,alfa,PZM,USD,sell,0.0197,67826.64946802,0.2,40682.79987326733,13015.23511546,13015.23511546,262.9077493323,13015.23511546,12989.2046452291,255.375556848,-7.532192484299998,-2.8649564356430393
15,alfa,USD,PZM,buy,0.0202,74396.24062088999,0.2,alfa,PZM,USD,sell,0.0196,76296.03717617999,0.2,40682.79987326733,13015.23511546,13015.23511546,262.9077493323,13015.23511546,12989.2046452291,254.07923422439998,-8.828515107900017,-3.358027722774079
16,alfa,USD,PZM,buy,0.0202,74396.24062088999,0.2,live,PZM,USD,sell,0.01951,100.0,0.18,40682.79987326733,3412.91078305,100.0,2.02,100.0,99.8,1.9435932236000002,-0.07640677639999982,-3.782513683168308
17,alfa,USD,PZM,buy,0.0202,74396.24062088999,0.2,live,PZM,USD,sell,0.0195,200.0,0.18,40682.79987326733,3412.91078305,200.0,4.04,200.0,199.6,3.88519404,-0.15480596000000002,-3.8318306930693073
18,alfa,USD,PZM,buy,0.0202,74396.24062088999,0.2,live,PZM,USD,sell,0.01921,300.7781740000001,0.18,40682.79987326733,3412.91078305,300.778174,6.0757191148,300.778174,300.176617652,5.756013318,-0.3197057968000001,-5.2620239803584825
19,alfa,USD,PZM,buy,0.0202,74396.24062088999,0.2,live,PZM,USD,sell,0.019,505.73219865,0.18,40682.79987326733,3412.91078305,505.73219865,10.2157904127,505.73219865,504.72073425269997,9.5724325017,-0.6433579110000007,-6.297681187744368
20,alfa,USD,PZM,buy,0.0202,74396.24062088999,0.2,live,PZM,USD,sell,0.0188,517.99586549,0.18,40682.79987326733,3412.91078305,517.99586549,10.4635164829,517.99586549,516.9598737590001,9.7013517045,-0.762164778399999,-7.2840213865536185
21,hot,USDT,PZM,buy,0.0199999,500.0,0.06,hot,PZM,USDT,sell,0.01962658,2050.3,0.06,51950.71561267046,19469.8532381,500.0,10.00594997,500.0,500.0,9.807402026,-0.19854794399999953,-1.9842987881739282
22,hot,USDT,PZM,buy,0.0199999,500.0,0.06,hot,PZM,USDT,sell,0.0196265,2308.350000000001,0.06,51950.71561267046,19469.8532381,500.0,10.00594997,500.0,500.0,9.80736205,-0.19858791999999958,-1.9846983104593676
23,hot,USDT,PZM,buy,0.0199999,500.0,0.06,hot,PZM,USDT,sell,0.01955054,2308.4600000000005,0.06,51950.71561267046,19469.8532381,500.0,10.00594997,500.0,500.0,9.769404838,-0.23654513199999982,-2.364044720483445
24,hot,USDT,PZM,buy,0.0199999,500.0,0.06,hot,PZM,USDT,sell,0.01955,3762.590000000001,0.06,51950.71561267046,19469.8532381,500.0,10.00594997,500.0,500.0,9.769135,-0.2368149699999993,-2.366741495910151
25,hot,USDT,PZM,buy,0.0199999,500.0,0.06,hot,PZM,USDT,sell,0.0195,3962.590000000001,0.06,51950.71561267046,19469.8532381,500.0,10.00594997,500.0,500.0,9.74415,-0.2617999700000002,-2.616442924309367
26,hot,USDT,PZM,buy,0.01999998,1766.49,0.06,hot,PZM,USDT,sell,0.01962658,2050.3,0.06,51950.5078096002,19469.8532381,1766.49,35.350962529,1766.49,1766.49,34.6493552098,-0.7016073192000007,-1.9846908514144144
27,hot,USDT,PZM,buy,0.01999998,1766.49,0.06,hot,PZM,USDT,sell,0.0196265,2308.350000000001,0.06,51950.5078096002,19469.8532381,1766.49,35.350962529,1766.49,1766.49,34.6492139754,-0.7017485535999981,-1.985090372077767
28,hot,USDT,PZM,buy,0.01999998,1766.49,0.06,hot,PZM,USDT,sell,0.01955054,2308.4600000000005,0.06,51950.5078096002,19469.8532381,1766.49,35.350962529,1766.49,1766.49,34.5151119046,-0.8358506244000026,-2.3644352645683027
29,hot,USDT,PZM,buy,0.01999998,1766.49,0.06,hot,PZM,USDT,sell,0.01955,3762.590000000001,0.06,51950.5078096002,19469.8532381,1766.49,35.350962529,1766.49,1766.49,34.5141585723,-0.8368039567000025,-2.3671320293288596
30,hot,USDT,PZM,buy,0.01999998,1766.49,0.06,hot,PZM,USDT,sell,0.0195,3962.590000000001,0.06,51950.5078096002,19469.8532381,1766.49,35.350962529,1766.49,1766.49,34.425887067,-0.9250754620000023,-2.6168324589213685
31,hot,USDT,PZM,buy,0.01999999,4766.49,0.06,hot,PZM,USDT,sell,0.01962658,2050.3,0.06,51950.48183433332,19469.8532381,2050.3,41.0305830847,2050.3,2050.3,40.2162327478,-0.8143503368999987,-1.9847398590922387
32,hot,USDT,PZM,buy,0.01999999,4766.49,0.06,hot,PZM,USDT,sell,0.0196265,2308.350000000001,0.06,51950.48183433332,19469.8532381,2308.35,46.194677102600004,2308.35,2308.35,45.2776483762,-0.9170287264000052,-1.98513937950741
33,hot,USDT,PZM,buy,0.01999999,4766.49,0.06,hot,PZM,USDT,sell,0.01955054,2308.4600000000005,0.06,51950.48183433332,19469.8532381,2308.46,46.196878421499996,2308.46,2308.46,45.1045605847,-1.0923178367999924,-2.364484082308965
34,hot,USDT,PZM,buy,0.01999999,4766.49,0.06,hot,PZM,USDT,sell,0.01955,3762.590000000001,0.06,51950.48183433332,19469.8532381,3762.59,75.2969134315,3762.59,3762.59,73.5144993193,-1.7824141122000015,-2.3671808457613874
35,hot,USDT,PZM,buy,0.01999999,4766.49,0.06,hot,PZM,USDT,sell,0.0195,3962.590000000001,0.06,51950.48183433332,19469.8532381,3962.59,79.2993114303,3962.59,3962.59,77.224142697,-2.0751687332999893,-2.616881150505267
36,hot,USDT,PZM,buy,0.02,8817.65,0.06,hot,PZM,USDT,sell,0.01962658,2050.3,0.06,51950.4558590924,19469.8532381,2050.3,41.0306036,2050.3,2050.3,40.2162327478,-0.8143708521999997,-1.9847888667180118
37,hot,USDT,PZM,buy,0.02,8817.65,0.06,hot,PZM,USDT,sell,0.0196265,2308.350000000001,0.06,51950.4558590924,19469.8532381,2308.35,46.1947002,2308.35,2308.35,45.2776483762,-0.9170518238000014,-1.9851883870435887
38,hot,USDT,PZM,buy,0.02,8817.65,0.06,hot,PZM,USDT,sell,0.01955054,2308.4600000000005,0.06,51950.4558590924,19469.8532381,2308.46,46.19690152,2308.46,2308.46,45.1045605847,-1.092340935299994,-2.3645329001709943
39,hot,USDT,PZM,buy,0.02,8817.65,0.06,hot,PZM,USDT,sell,0.01955,3762.590000000001,0.06,51950.4558590924,19469.8532381,3762.59,75.29695108,3762.59,3762.59,73.5144993193,-1.782451760699999,-2.3672296622026767
40,hot,USDT,PZM,buy,0.02,8817.65,0.06,hot,PZM,USDT,sell,0.0195,3962.590000000001,0.06,51950.4558590924,19469.8532381,3962.59,79.29935108,3962.59,3962.59,77.224142697,-2.075208382999989,-2.6169298420947293
41,hot,USDT,PZM,buy,0.02001904,9078.36,0.06,hot,PZM,USDT,sell,0.01962658,2050.3,0.06,51901.046063240196,19469.8532381,2050.3,41.0696647346,2050.3,2050.3,40.2162327478,-0.853431986800004,-2.078010600561373
42,hot,USDT,PZM,buy,0.02001904,9078.36,0.06,hot,PZM,USDT,sell,0.0196265,2308.350000000001,0.06,51901.046063240196,19469.8532381,2308.35,46.2386775546,2308.35,2308.35,45.2776483762,-0.961029178400004,-2.0784097409905207
43,hot,USDT,PZM,buy,0.02001904,9078.36,0.06,hot,PZM,USDT,sell,0.01955054,2308.4600000000005,0.06,51901.046063240196,19469.8532381,2308.46,46.2408809702,2308.46,2308.46,45.1045605847,-1.1363203854999995,-2.4573934614963386
44,hot,USDT,PZM,buy,0.02001904,9078.36,0.06,hot,PZM,USDT,sell,0.01955,3762.590000000001,0.06,51901.046063240196,19469.8532381,3762.59,75.36863377739999,3762.59,3762.59,73.5144993193,-1.8541344580999919,-2.4600876587150924
45,hot,USDT,PZM,buy,0.02001904,9078.36,0.06,hot,PZM,USDT,sell,0.0195,3962.590000000001,0.06,51901.046063240196,19469.8532381,3962.59,79.3748440622,3962.59,3962.59,77.224142697,-2.1507013651999927,-2.7095503501268645
46,live,USD,PZM,buy,0.01991,200.0,0.18,alfa,PZM,USD,sell,0.0197,67826.64946802,0.2,676.0833181489704,13015.23511546,200.0,3.9891676,200.0,200.0,3.93212,-0.0570476000000002,-1.430062752941245
47,live,USD,PZM,buy,0.01991,200.0,0.18,alfa,PZM,USD,sell,0.0196,76296.03717617999,0.2,676.0833181489704,13015.23511546,200.0,3.9891676,200.0,200.0,3.91216,-0.07700759999999995,-1.9304177643476286
48,live,USD,PZM,buy,0.01991,200.0,0.18,live,PZM,USD,sell,0.01951,100.0,0.18,676.0833181489704,3412.91078305,100.0,1.9945838,100.0,100.0,1.9474882,-0.047095600000000015,-2.3611742961112996
49,live,USD,PZM,buy,0.01991,200.0,0.18,live,PZM,USD,sell,0.0195,200.0,0.18,676.0833181489704,3412.91078305,200.0,3.9891676,200.0,200.0,3.89298,-0.09618759999999993,-2.4112198244064733
50,live,USD,PZM,buy,0.01991,200.0,0.18,live,PZM,USD,sell,0.01921,300.7781740000001,0.18,676.0833181489704,3412.91078305,200.0,3.9891676,200.0,200.0,3.8350844,-0.1540832000000001,-3.8625401449665864
51,live,USD,PZM,buy,0.01991,200.0,0.18,live,PZM,USD,sell,0.019,505.73219865,0.18,676.0833181489704,3412.91078305,200.0,3.9891676,200.0,200.0,3.79316,-0.19600760000000017,-4.913496239165287
52,live,USD,PZM,buy,0.01991,200.0,0.18,live,PZM,USD,sell,0.0188,517.99586549,0.18,676.0833181489704,3412.91078305,200.0,3.9891676,200.0,200.0,3.753232,-0.2359355999999999,-5.914406805068804
53,live,USD,PZM,buy,0.01998,399.8,0.18,alfa,PZM,USD,sell,0.0197,67826.64946802,0.2,673.7146578751751,13015.23511546,399.8,8.0023824072,399.8,399.8,7.86030788,-0.14207452720000102,-1.7754028734264435
54,live,USD,PZM,buy,0.01998,399.8,0.18,alfa,PZM,USD,sell,0.0196,76296.03717617999,0.2,673.7146578751751,13015.23511546,399.8,8.0023824072,399.8,399.8,7.82040784,-0.18197456720000105,-2.2740048892973754
55,live,USD,PZM,buy,0.01998,399.8,0.18,live,PZM,USD,sell,0.01951,100.0,0.18,673.7146578751751,3412.91078305,100.0,2.0015964,100.0,100.0,1.9474882,-0.05410819999999994,-2.7032522640428382
56,live,USD,PZM,buy,0.01998,399.8,0.18,live,PZM,USD,sell,0.0195,200.0,0.18,673.7146578751751,3412.91078305,200.0,4.0031928,200.0,200.0,3.89298,-0.11021279999999978,-2.7531224576542948
57,live,USD,PZM,buy,0.01998,399.8,0.18,live,PZM,USD,sell,0.01921,300.7781740000001,0.18,673.7146578751751,3412.91078305,300.778174,6.0203651028,300.778174,300.778174,5.7675484148,-0.25281668799999935,-4.199358073523104
58,live,USD,PZM,buy,0.01998,399.8,0.18,live,PZM,USD,sell,0.019,505.73219865,0.18,673.7146578751751,3412.91078305,399.8,8.0023824072,399.8,399.8,7.58252684,-0.41985556720000083,-5.246632138227278
59,live,USD,PZM,buy,0.01998,399.8,0.18,live,PZM,USD,sell,0.0188,517.99586549,0.18,673.7146578751751,3412.91078305,399.8,8.0023824072,399.8,399.8,7.502710767999999,-0.49967163920000157,-6.2440360104564725
60,live,USD,PZM,buy,0.01999,607.1981694,0.18,alfa,PZM,USD,sell,0.0197,67826.64946802,0.2,673.3776320333167,13015.23511546,607.1981694,12.159739610799999,607.1981694,607.1981694,11.9378803293,-0.22185928149999867,-1.8245397401680246
61,live,USD,PZM,buy,0.01999,607.1981694,0.18,alfa,PZM,USD,sell,0.0196,76296.03717617999,0.2,673.3776320333167,13015.23511546,607.1981694,12.159739610799999,607.1981694,607.1981694,11.877281952,-0.2824576587999985,-2.3228923302693603
62,live,USD,PZM,buy,0.01999,607.1981694,0.18,live,PZM,USD,sell,0.01951,100.0,0.18,673.3776320333167,3412.91078305,100.0,2.0025982,100.0,100.0,1.9474882,-0.05510999999999999,-2.751924974265931
63,live,USD,PZM,buy,0.01999,607.1981694,0.18,live,PZM,USD,sell,0.0195,200.0,0.18,673.3776320333167,3412.91078305,200.0,4.0051964,200.0,200.0,3.89298,-0.11221639999999988,-2.8017702203067962
64,live,USD,PZM,buy,0.01999,607.1981694,0.18,live,PZM,USD,sell,0.01921,300.7781740000001,0.18,673.3776320333167,3412.91078305,300.778174,6.0233782985,300.778174,300.778174,5.7675484148,-0.2558298836999997,-4.2472823558784105
65,live,USD,PZM,buy,0.01999,607.1981694,0.18,live,PZM,USD,sell,0.019,505.73219865,0.18,673.3776320333167,3412.91078305,505.73219865,10.127783907000001,505.73219865,505.73219865,9.591615733200001,-0.5361681738000001,-5.29403252205468
66,live,USD,PZM,buy,0.01999,607.1981694,0.18,live,PZM,USD,sell,0.0188,517.99586549,0.18,673.3776320333167,3412.91078305,517.99586549,10.373375878400001,517.99586549,517.99586549,9.7207932911,-0.6525825873000013,-6.2909374436035215
67,live,USD,PZM,buy,0.02,707.1981694,0.18,alfa,PZM,USD,sell,0.0197,67826.64946802,0.2,673.0409432173001,13015.23511546,673.0409432173001,13.485048338299999,673.0409432173001,673.0409432173001,13.2323887682,-0.25265957009999873,-1.8736274706735712
68,live,USD,PZM,buy,0.02,707.1981694,0.18,alfa,PZM,USD,sell,0.0196,76296.03717617999,0.2,673.0409432173001,13015.23511546,673.0409432173001,13.485048338299999,673.0409432173001,673.0409432173001,13.1652192821,-0.3198290561999979,-2.3717308842833362
69,live,USD,PZM,buy,0.02,707.1981694,0.18,live,PZM,USD,sell,0.01951,100.0,0.18,673.0409432173001,3412.91078305,100.0,2.0036,100.0,100.0,1.9474882,-0.056111800000000045,-2.8005490117788003
70,live,USD,PZM,buy,0.02,707.1981694,0.18,live,PZM,USD,sell,0.0195,200.0,0.18,673.0409432173001,3412.91078305,200.0,4.0072,200.0,200.0,3.89298,-0.11421999999999999,-2.8503693351966457
71,live,USD,PZM,buy,0.02,707.1981694,0.18,live,PZM,USD,sell,0.01921,300.7781740000001,0.18,673.0409432173001,3412.91078305,300.778174,6.026391494299999,300.778174,300.778174,5.7675484148,-0.2588430794999992,-4.295158715540191
72,live,USD,PZM,buy,0.02,707.1981694,0.18,live,PZM,USD,sell,0.019,505.73219865,0.18,673.0409432173001,3412.91078305,505.73219865,10.1328503322,505.73219865,505.73219865,9.591615733200001,-0.5412345989999992,-5.341385506110487
73,live,USD,PZM,buy,0.02,707.1981694,0.18,live,PZM,USD,sell,0.0188,517.99586549,0.18,673.0409432173001,3412.91078305,517.99586549,10.378565161000001,517.99586549,517.99586549,9.7207932911,-0.6577718699000012,-6.337791975057786
74,live,USD,PZM,buy,0.02004,764.36167468,0.18,alfa,PZM,USD,sell,0.0197,67826.64946802,0.2,671.6975481210579,13015.23511546,671.6975481211,13.485048338299999,671.6975481211,671.6975481211,13.2059768146,-0.279071523699999,-2.069488493470097
75,live,USD,PZM,buy,0.02004,764.36167468,0.18,alfa,PZM,USD,sell,0.0196,76296.03717617999,0.2,671.6975481210579,13015.23511546,671.6975481211,13.485048338299999,671.6975481211,671.6975481211,13.1389413993,-0.34610693899999845,-2.5665976889158904
76,live,USD,PZM,buy,0.02004,764.36167468,0.18,live,PZM,USD,sell,0.01951,100.0,0.18,671.6975481210579,3412.91078305,100.0,2.0076072,100.0,100.0,1.9474882,-0.06011899999999981,-2.994559891994799
77,live,USD,PZM,buy,0.02004,764.36167468,0.18,live,PZM,USD,sell,0.0195,200.0,0.18,671.6975481210579,3412.91078305,200.0,4.0152144,200.0,200.0,3.89298,-0.12223439999999952,-3.044280773649336
78,live,USD,PZM,buy,0.02004,764.36167468,0.18,live,PZM,USD,sell,0.01921,300.7781740000001,0.18,671.6975481210579,3412.91078305,300.778174,6.0384442773,300.778174,300.778174,5.7675484148,-0.27089586249999975,-4.486186343034812
79,live,USD,PZM,buy,0.02004,764.36167468,0.18,live,PZM,USD,sell,0.019,505.73219865,0.18,671.6975481210579,3412.91078305,505.73219865,10.1531160328,505.73219865,505.73219865,9.591615733200001,-0.5615002995999987,-5.530324855798478
80,live,USD,PZM,buy,0.02004,764.36167468,0.18,live,PZM,USD,sell,0.0188,517.99586549,0.18,671.6975481210579,3412.91078305,517.99586549,10.3993222913,517.99586549,517.99586549,9.7207932911,-0.6785290002000011,-6.52474248987988
81,alfa,BTC,PZM,buy,2.11e-06,10874.52405801,0.2,alfa,PZM,BTC,sell,2.04e-06,580.47170963,0.2,1236.601895734597,13015.23511546,580.47170963,0.0012247953,580.47170963,579.3107662107,0.0011794304,-4.5364900000000085e-05,-3.7038760681070615
82,alfa,BTC,PZM,buy,2.11e-06,10874.52405801,0.2,alfa,PZM,BTC,sell,2.03e-06,29322.50119141,0.2,1236.601895734597,13015.23511546,1236.6018957346,0.00260923,1236.6018957346,1234.1286919431,0.0025002707,-0.00010895930000000015,-4.175917799504074
83,alfa,BTC,PZM,buy,2.11e-06,10874.52405801,0.2,alfa,PZM,BTC,sell,2.02e-06,76575.23881517,0.2,1236.601895734597,13015.23511546,1236.6018957346,0.00260923,1236.6018957346,1234.1286919431,0.0024879541,-0.00012127589999999999,-4.64795744338368
84,alfa,BTC,PZM,buy,2.11e-06,10874.52405801,0.2,hot,PZM,BTC,sell,2.08e-06,71.71,0.06,1236.601895734597,19469.8532381,71.71,0.0001513081,71.71,71.56658,0.0001487692,-2.53889999999999e-06,-1.6779670090365226
85,alfa,BTC,PZM,buy,2.11e-06,10874.52405801,0.2,hot,PZM,BTC,sell,2.07e-06,77.14999999999998,0.06,1236.601895734597,19469.8532381,77.15,0.0001627865,77.15,76.9957,0.00015928549999999998,-3.5010000000000195e-06,-2.1506697422697947
86,alfa,BTC,PZM,buy,2.11e-06,10874.52405801,0.2,hot,PZM,BTC,sell,2.06e-06,418.25,0.06,1236.601895734597,19469.8532381,418.25,0.0008825075,418.25,417.4135,0.0008593559,-2.3151599999999997e-05,-2.6233884697863754
87,alfa,BTC,PZM,buy,2.11e-06,10874.52405801,0.2,hot,PZM,BTC,sell,2.05e-06,1492.98,0.06,1236.601895734597,19469.8532381,1236.6018957346,0.00260923,1236.6018957346,1234.1286919431,0.0025284457999999997,-8.078420000000048e-05,-3.0960934835181444
88,alfa,BTC,PZM,buy,2.11e-06,10874.52405801,0.2,hot,PZM,BTC,sell,2.04e-06,1760.54,0.06,1236.601895734597,19469.8532381,1236.6018957346,0.00260923,1236.6018957346,1234.1286919431,0.002516112,-9.311800000000011e-05,-3.5687923257052887
89,alfa,BTC,PZM,buy,2.11e-06,10874.52405801,0.2,live,PZM,BTC,sell,2.03e-06,100.0,0.18,1236.601895734597,3412.91078305,100.0,0.000211,100.0,99.8,0.0002022293,-8.770700000000007e-06,-4.156729857819909
90,alfa,BTC,PZM,buy,2.11e-06,10874.52405801,0.2,live,PZM,BTC,sell,2.02e-06,225.51178945,0.18,1236.601895734597,3412.91078305,225.51178945,0.00047582989999999997,225.51178945,225.06076587110002,0.0004538044,-2.202549999999996e-05,-4.628860019095051
91,alfa,BTC,PZM,buy,2.11e-06,10874.52405801,0.2,live,PZM,BTC,sell,1.99e-06,385.20455796,0.18,1236.601895734597,3412.91078305,385.20455796,0.0008127816,385.20455796,384.43414884410004,0.0007636469000000001,-4.913469999999996e-05,-6.045252500794796
92,alfa,BTC,PZM,buy,2.11e-06,10874.52405801,0.2,live,PZM,BTC,sell,1.96e-06,587.21139665,0.18,1236.601895734597,3412.91078305,587.21139665,0.0012390160000000001,587.21139665,586.0369738567,0.0011465649,-9.245110000000016e-05,-7.461655055301961
93,alfa,BTC,PZM,buy,2.11e-06,10874.52405801,0.2,live,PZM,BTC,sell,2.04e-06,1862.82339004,0.18,1236.601895734597,3412.91078305,1236.6018957346,0.00260923,1236.6018957346,1234.1286919431,0.0025130907999999998,-9.613920000000036e-05,-3.6845812749355313
94,alfa,BTC,PZM,buy,2.13e-06,14046.78608701,0.2,alfa,PZM,BTC,sell,2.04e-06,580.47170963,0.2,1224.9906103286387,13015.23511546,580.47170963,0.0012364047,580.47170963,579.3107662107,0.0011794304,-5.69743000000001e-05,-4.608062392515986
95,alfa,BTC,PZM,buy,2.13e-06,14046.78608701,0.2,alfa,PZM,BTC,sell,2.03e-06,29322.50119141,0.2,1224.9906103286387,13015.23511546,1224.9906103286,0.00260923,1224.9906103286,1222.5406291079,0.002476794,-0.0001324360000000001,-5.075673666177381
96,alfa,BTC,PZM,buy,2.13e-06,14046.78608701,0.2,alfa,PZM,BTC,sell,2.02e-06,76575.23881517,0.2,1224.9906103286387,13015.23511546,1224.9906103286,0.00260923,1224.9906103286,1222.5406291079,0.0024645929999999997,-0.0001446370000000004,-5.543282884222564
97,alfa,BTC,PZM,buy,2.13e-06,14046.78608701,0.2,hot,PZM,BTC,sell,2.08e-06,71.71,0.06,1224.9906103286387,19469.8532381,71.71,0.0001527423,71.71,71.56658,0.0001487692,-3.973100000000004e-06,-2.6011785864164705
98,alfa,BTC,PZM,buy,2.13e-06,14046.78608701,0.2,hot,PZM,BTC,sell,2.07e-06,77.14999999999998,0.06,1224.9906103286387,19469.8532381,77.15,0.0001643295,77.15,76.9957,0.00015928549999999998,-5.044000000000028e-06,-3.069442796332994
99,alfa,BTC,PZM,buy,2.13e-06,14046.78608701,0.2,hot,PZM,BTC,sell,2.06e-06,418.25,0.06,1224.9906103286387,19469.8532381,418.25,0.0008908725,418.25,417.4135,0.0008593559,-3.1516599999999975e-05,-3.5377228503517593
100,alfa,BTC,PZM,buy,2.13e-06,14046.78608701,0.2,hot,PZM,BTC,sell,2.05e-06,1492.98,0.06,1224.9906103286387,19469.8532381,1224.9906103286,0.00260923,1224.9906103286,1222.5406291079,0.0025047045999999997,-0.00010452540000000041,-4.005986440444131
101,alfa,BTC,PZM,buy,2.13e-06,14046.78608701,0.2,hot,PZM,BTC,sell,2.04e-06,1760.54,0.06,1224.9906103286387,19469.8532381,1224.9906103286,0.00260923,1224.9906103286,1222.5406291079,0.0024924865,-0.00011674350000000005,-4.474251024248535
102,alfa,BTC,PZM,buy,2.13e-06,14046.78608701,0.2,live,PZM,BTC,sell,2.03e-06,100.0,0.18,1224.9906103286387,3412.91078305,100.0,0.000213,100.0,99.8,0.0002022293,-1.0770700000000002e-05,-5.0566666666666675
103,alfa,BTC,PZM,buy,2.13e-06,14046.78608701,0.2,live,PZM,BTC,sell,2.02e-06,225.51178945,0.18,1224.9906103286387,3412.91078305,225.51178945,0.00048034010000000003,225.51178945,225.06076587110002,0.0004538044,-2.6535700000000024e-05,-5.524356596503191
104,alfa,BTC,PZM,buy,2.13e-06,14046.78608701,0.2,live,PZM,BTC,sell,1.99e-06,385.20455796,0.18,1224.9906103286387,3412.91078305,385.20455796,0.0008204857,385.20455796,384.43414884410004,0.0007636469000000001,-5.6838799999999975e-05,-6.927457724126085
105,alfa,BTC,PZM,buy,2.13e-06,14046.78608701,0.2,live,PZM,BTC,sell,1.96e-06,587.21139665,0.18,1224.9906103286387,3412.91078305,587.21139665,0.0012507603,587.21139665,586.0369738567,0.0011465649,-0.00010419539999999999,-8.330565017133978
106,alfa,BTC,PZM,buy,2.13e-06,14046.78608701,0.2,live,PZM,BTC,sell,2.04e-06,1862.82339004,0.18,1224.9906103286387,3412.91078305,1224.9906103286,0.00260923,1224.9906103286,1222.5406291079,0.0024894937,-0.00011973630000000016,-4.58895152976166
107,alfa,BTC,PZM,buy,2.14e-06,14974.33528578,0.2,alfa,PZM,BTC,sell,2.04e-06,580.47170963,0.2,1219.266355140187,13015.23511546,580.47170963,0.0012422095,580.47170963,579.3107662107,0.0011794304,-6.277910000000004e-05,-5.053825461808176
108,alfa,BTC,PZM,buy,2.14e-06,14974.33528578,0.2,alfa,PZM,BTC,sell,2.03e-06,29322.50119141,0.2,1219.266355140187,13015.23511546,1219.2663551402,0.00260923,1219.2663551402,1216.8278224299002,0.0024652202,-0.00014400980000000034,-5.5192451412869055
109,alfa,BTC,PZM,buy,2.14e-06,14974.33528578,0.2,alfa,PZM,BTC,sell,2.02e-06,76575.23881517,0.2,1219.266355140187,13015.23511546,1219.2663551402,0.00260923,1219.2663551402,1216.8278224299002,0.0024530762,-0.0001561538000000003,-5.984669806801251
110,alfa,BTC,PZM,buy,2.14e-06,14974.33528578,0.2,hot,PZM,BTC,sell,2.08e-06,71.71,0.06,1219.266355140187,19469.8532381,71.71,0.0001534594,71.71,71.56658,0.0001487692,-4.690199999999998e-06,-3.056313265919193
111,alfa,BTC,PZM,buy,2.14e-06,14974.33528578,0.2,hot,PZM,BTC,sell,2.07e-06,77.14999999999998,0.06,1219.266355140187,19469.8532381,77.15,0.000165101,77.15,76.9957,0.00015928549999999998,-5.8155000000000056e-06,-3.522389325322079
112,alfa,BTC,PZM,buy,2.14e-06,14974.33528578,0.2,hot,PZM,BTC,sell,2.06e-06,418.25,0.06,1219.266355140187,19469.8532381,418.25,0.000895055,418.25,417.4135,0.0008593559,-3.5699099999999965e-05,-3.988481154789367
113,alfa,BTC,PZM,buy,2.14e-06,14974.33528578,0.2,hot,PZM,BTC,sell,2.05e-06,1492.98,0.06,1219.266355140187,19469.8532381,1219.2663551402,0.00260923,1219.2663551402,1216.8278224299002,0.0024930003,-0.00011622970000000005,-4.454559391084728
114,alfa,BTC,PZM,buy,2.14e-06,14974.33528578,0.2,hot,PZM,BTC,sell,2.04e-06,1760.54,0.06,1219.266355140187,19469.8532381,1219.2663551402,0.00260923,1219.2663551402,1216.8278224299002,0.0024808394,-0.00012839060000000013,-4.9206317572617255
115,alfa,BTC,PZM,buy,2.14e-06,14974.33528578,0.2,live,PZM,BTC,sell,2.03e-06,100.0,0.18,1219.266355140187,3412.91078305,100.0,0.000214,100.0,99.8,0.0002022293,-1.1770699999999999e-05,-5.5003271028037375
116,alfa,BTC,PZM,buy,2.14e-06,14974.33528578,0.2,live,PZM,BTC,sell,2.02e-06,225.51178945,0.18,1219.266355140187,3412.91078305,225.51178945,0.00048259519999999996,225.51178945,225.06076587110002,0.0004538044,-2.8790799999999948e-05,-5.96582808946296
117,alfa,BTC,PZM,buy,2.14e-06,14974.33528578,0.2,live,PZM,BTC,sell,1.99e-06,385.20455796,0.18,1219.266355140187,3412.91078305,385.20455796,0.0008243378,385.20455796,384.43414884410004,0.0007636469000000001,-6.0690899999999944e-05,-7.36238226610498
118,alfa,BTC,PZM,buy,2.14e-06,14974.33528578,0.2,live,PZM,BTC,sell,1.96e-06,587.21139665,0.18,1219.266355140187,3412.91078305,587.21139665,0.0012566324,587.21139665,586.0369738567,0.0011465649,-0.0001100675000000001,-8.758925840205944
119,alfa,BTC,PZM,buy,2.14e-06,14974.33528578,0.2,live,PZM,BTC,sell,2.04e-06,1862.82339004,0.18,1219.266355140187,3412.91078305,1219.2663551402,0.00260923,1219.2663551402,1216.8278224299002,0.0024778606,-0.00013136940000000024,-5.034795706012894
120,alfa,BTC,PZM,buy,2.15e-06,18475.98521044,0.2,alfa,PZM,BTC,sell,2.04e-06,580.47170963,0.2,1213.5953488372093,13015.23511546,580.47170963,0.0012480142,580.47170963,579.3107662107,0.0011794304,-6.858380000000015e-05,-5.495434266693452
121,alfa,BTC,PZM,buy,2.15e-06,18475.98521044,0.2,alfa,PZM,BTC,sell,2.03e-06,29322.50119141,0.2,1213.5953488372093,13015.23511546,1213.5953488372,0.00260923,1213.5953488372,1211.1681581395,0.002453754,-0.0001554760000000003,-5.958692794425954
122,alfa,BTC,PZM,buy,2.15e-06,18475.98521044,0.2,alfa,PZM,BTC,sell,2.02e-06,76575.23881517,0.2,1213.5953488372093,13015.23511546,1213.5953488372,0.00260923,1213.5953488372,1211.1681581395,0.0024416666,-0.00016756340000000005,-6.421948237602666
123,alfa,BTC,PZM,buy,2.15e-06,18475.98521044,0.2,hot,PZM,BTC,sell,2.08e-06,71.71,0.06,1213.5953488372093,19469.8532381,71.71,0.0001541765,71.71,71.56658,0.0001487692,-5.407299999999991e-06,-3.5072141344497973
124,alfa,BTC,PZM,buy,2.15e-06,18475.98521044,0.2,hot,PZM,BTC,sell,2.07e-06,77.14999999999998,0.06,1213.5953488372093,19469.8532381,77.15,0.0001658725,77.15,76.9957,0.00015928549999999998,-6.58700000000001e-06,-3.9711223982275605
125,alfa,BTC,PZM,buy,2.15e-06,18475.98521044,0.2,hot,PZM,BTC,sell,2.06e-06,418.25,0.06,1213.5953488372093,19469.8532381,418.25,0.0008992375,418.25,417.4135,0.0008593559,-3.9881599999999954e-05,-4.4350463587205775
126,alfa,BTC,PZM,buy,2.15e-06,18475.98521044,0.2,hot,PZM,BTC,sell,2.05e-06,1492.98,0.06,1213.5953488372093,19469.8532381,1213.5953488372,0.00260923,1213.5953488372,1211.1681581395,0.002481405,-0.00012782500000000025,-4.898954864078684
127,alfa,BTC,PZM,buy,2.15e-06,18475.98521044,0.2,hot,PZM,BTC,sell,2.04e-06,1760.54,0.06,1213.5953488372093,19469.8532381,1213.5953488372,0.00260923,1213.5953488372,1211.1681581395,0.0024693006,-0.00013992940000000014,-5.36286184046635
128,alfa,BTC,PZM,buy,2.15e-06,18475.98521044,0.2,live,PZM,BTC,sell,2.03e-06,100.0,0.18,1213.5953488372093,3412.91078305,100.0,0.000215,100.0,99.8,0.0002022293,-1.2770699999999996e-05,-5.939860465116277
129,alfa,BTC,PZM,buy,2.15e-06,18475.98521044,0.2,live,PZM,BTC,sell,2.02e-06,225.51178945,0.18,1213.5953488372093,3412.91078305,225.51178945,0.0004848503,225.51178945,225.06076587110002,0.0004538044,-3.104589999999998e-05,-6.403192903046566
130,alfa,BTC,PZM,buy,2.15e-06,18475.98521044,0.2,live,PZM,BTC,sell,1.99e-06,385.20455796,0.18,1213.5953488372093,3412.91078305,385.20455796,0.0008281898,385.20455796,384.43414884410004,0.0007636469000000001,-6.454289999999988e-05,-7.793249808196126
131,alfa,BTC,PZM,buy,2.15e-06,18475.98521044,0.2,live,PZM,BTC,sell,1.96e-06,587.21139665,0.18,1213.5953488372093,3412.91078305,587.21139665,0.0012625045,587.21139665,586.0369738567,0.0011465649,-0.0001159396,-9.183301920904045
132,alfa,BTC,PZM,buy,2.15e-06,18475.98521044,0.2,live,PZM,BTC,sell,2.04e-06,1862.82339004,0.18,1213.5953488372093,3412.91078305,1213.5953488372,0.00260923,1213.5953488372,1211.1681581395,0.0024663356,-0.00014289440000000032,-5.476496897552163
133,hot,BTC,PZM,buy,2.14e-06,328.31,0.06,alfa,PZM,BTC,sell,2.04e-06,580.47170963,0.2,29047.72912336449,13015.23511546,328.31,0.000703005,328.31,328.31,0.0006684128999999999,-3.45921000000001e-05,-4.920605116606581
134,hot,BTC,PZM,buy,2.14e-06,328.31,0.06,alfa,PZM,BTC,sell,2.03e-06,29322.50119141,0.2,29047.72912336449,13015.23511546,328.31,0.000703005,328.31,328.31,0.0006651364,-3.7868600000000026e-05,-5.386675770442603
135,hot,BTC,PZM,buy,2.14e-06,328.31,0.06,alfa,PZM,BTC,sell,2.02e-06,76575.23881517,0.2,29047.72912336449,13015.23511546,328.31,0.000703005,328.31,328.31,0.0006618597999999999,-4.1145200000000095e-05,-5.852760648928541
136,hot,BTC,PZM,buy,2.14e-06,328.31,0.06,hot,PZM,BTC,sell,2.08e-06,71.71,0.06,29047.72912336449,19469.8532381,71.71,0.0001535515,71.71,71.71,0.0001490673,-4.48419999999998e-06,-2.920323148910939
137,hot,BTC,PZM,buy,2.14e-06,328.31,0.06,hot,PZM,BTC,sell,2.07e-06,77.14999999999998,0.06,29047.72912336449,19469.8532381,77.15,0.00016520009999999998,77.15,77.15,0.0001596047,-5.595399999999977e-06,-3.3870439545738638
138,hot,BTC,PZM,buy,2.14e-06,328.31,0.06,hot,PZM,BTC,sell,2.06e-06,418.25,0.06,29047.72912336449,19469.8532381,328.31,0.000703005,328.31,328.31,0.0006759128,-2.7092200000000005e-05,-3.853770599071131
139,hot,BTC,PZM,buy,2.14e-06,328.31,0.06,hot,PZM,BTC,sell,2.05e-06,1492.98,0.06,29047.72912336449,19469.8532381,328.31,0.000703005,328.31,328.31,0.0006726316999999999,-3.037330000000009e-05,-4.320495586802382
140,hot,BTC,PZM,buy,2.14e-06,328.31,0.06,hot,PZM,BTC,sell,2.04e-06,1760.54,0.06,29047.72912336449,19469.8532381,328.31,0.000703005,328.31,328.31,0.0006693505,-3.3654499999999994e-05,-4.787234799183504
141,hot,BTC,PZM,buy,2.14e-06,328.31,0.06,live,PZM,BTC,sell,2.03e-06,100.0,0.18,29047.72912336449,3412.91078305,100.0,0.0002141284,100.0,100.0,0.0002026346,-1.1493800000000008e-05,-5.367713951068615
142,hot,BTC,PZM,buy,2.14e-06,328.31,0.06,live,PZM,BTC,sell,2.02e-06,225.51178945,0.18,29047.72912336449,3412.91078305,225.51178945,0.00048288480000000005,225.51178945,225.51178945,0.0004547139,-2.8170900000000032e-05,-5.833875905806112
143,hot,BTC,PZM,buy,2.14e-06,328.31,0.06,live,PZM,BTC,sell,1.99e-06,385.20455796,0.18,29047.72912336449,3412.91078305,328.31,0.000703005,328.31,328.31,0.0006521608999999999,-5.084410000000012e-05,-7.232395217672721
144,hot,BTC,PZM,buy,2.14e-06,328.31,0.06,live,PZM,BTC,sell,1.96e-06,587.21139665,0.18,29047.72912336449,3412.91078305,328.31,0.000703005,328.31,328.31,0.0006423293,-6.0675700000000074e-05,-8.630905896828624
145,hot,BTC,PZM,buy,2.14e-06,328.31,0.06,live,PZM,BTC,sell,2.04e-06,1862.82339004,0.18,29047.72912336449,3412.91078305,328.31,0.000703005,328.31,328.31,0.0006685468,-3.445820000000008e-05,-4.901558310396097
146,hot,BTC,PZM,buy,2.16e-06,617.6600000000002,0.06,alfa,PZM,BTC,sell,2.04e-06,580.47170963,0.2,28778.768668518518,13015.23511546,580.47170963,0.0012545712,580.47170963,580.47170963,0.001181794,-7.277720000000007e-05,-5.800962113589095
147,hot,BTC,PZM,buy,2.16e-06,617.6600000000002,0.06,alfa,PZM,BTC,sell,2.03e-06,29322.50119141,0.2,28778.768668518518,13015.23511546,617.66,0.0013349460999999999,617.66,617.66,0.0012513421000000002,-8.360399999999971e-05,-6.2627247646927255
148,hot,BTC,PZM,buy,2.16e-06,617.6600000000002,0.06,alfa,PZM,BTC,sell,2.02e-06,76575.23881517,0.2,28778.768668518518,13015.23511546,617.66,0.0013349460999999999,617.66,617.66,0.0012451779,-8.97681999999999e-05,-6.724481235609431
149,hot,BTC,PZM,buy,2.16e-06,617.6600000000002,0.06,hot,PZM,BTC,sell,2.08e-06,71.71,0.06,28778.768668518518,19469.8532381,71.71,0.0001549865,71.71,71.71,0.0001490673,-5.919199999999996e-06,-3.819171347181848
150,hot,BTC,PZM,buy,2.16e-06,617.6600000000002,0.06,hot,PZM,BTC,sell,2.07e-06,77.14999999999998,0.06,28778.768668518518,19469.8532381,77.15,0.000166744,77.15,77.15,0.0001596047,-7.1392999999999945e-06,-4.281593340689917
151,hot,BTC,PZM,buy,2.16e-06,617.6600000000002,0.06,hot,PZM,BTC,sell,2.06e-06,418.25,0.06,28778.768668518518,19469.8532381,418.25,0.0009039621,418.25,418.25,0.000861078,-4.288410000000001e-05,-4.744015263471777
152,hot,BTC,PZM,buy,2.16e-06,617.6600000000002,0.06,hot,PZM,BTC,sell,2.05e-06,1492.98,0.06,28778.768668518518,19469.8532381,617.66,0.0013349460999999999,617.66,617.66,0.0012654433,-6.950279999999977e-05,-5.206412453656352
153,hot,BTC,PZM,buy,2.16e-06,617.6600000000002,0.06,hot,PZM,BTC,sell,2.04e-06,1760.54,0.06,28778.768668518518,19469.8532381,617.66,0.0013349460999999999,617.66,617.66,0.0012592704,-7.56756999999999e-05,-5.668820636278866
154,hot,BTC,PZM,buy,2.16e-06,617.6600000000002,0.06,live,PZM,BTC,sell,2.03e-06,100.0,0.18,28778.768668518518,3412.91078305,100.0,0.00021612959999999998,100.0,100.0,0.0002026346,-1.3494999999999978e-05,-6.243938821892041
155,hot,BTC,PZM,buy,2.16e-06,617.6600000000002,0.06,live,PZM,BTC,sell,2.02e-06,225.51178945,0.18,28778.768668518518,3412.91078305,225.51178945,0.00048739769999999995,225.51178945,225.51178945,0.0004547139,-3.268379999999993e-05,-6.705776412157862
156,hot,BTC,PZM,buy,2.16e-06,617.6600000000002,0.06,live,PZM,BTC,sell,1.99e-06,385.20455796,0.18,28778.768668518518,3412.91078305,385.20455796,0.0008325411,385.20455796,385.20455796,0.0007651772999999999,-6.736380000000014e-05,-8.091348282985685
157,hot,BTC,PZM,buy,2.16e-06,617.6600000000002,0.06,live,PZM,BTC,sell,1.96e-06,587.21139665,0.18,28778.768668518518,3412.91078305,587.21139665,0.0012691376,587.21139665,587.21139665,0.0011488627,-0.00012027489999999995,-9.47689990431297
158,hot,BTC,PZM,buy,2.16e-06,617.6600000000002,0.06,live,PZM,BTC,sell,2.04e-06,1862.82339004,0.18,28778.768668518518,3412.91078305,617.66,0.0013349460999999999,617.66,617.66,0.0012577584,-7.718769999999985e-05,-5.78208363618575
159,hot,BTC,PZM,buy,2.18e-06,907.01,0.06,alfa,PZM,BTC,sell,2.04e-06,580.47170963,0.2,28514.74326788991,13015.23511546,580.47170963,0.0012661876,580.47170963,580.47170963,0.001181794,-8.439360000000009e-05,-6.6651734703451595
160,hot,BTC,PZM,buy,2.18e-06,907.01,0.06,alfa,PZM,BTC,sell,2.03e-06,29322.50119141,0.2,28514.74326788991,13015.23511546,907.01,0.0019784682000000002,907.01,907.01,0.0018375478,-0.00014092040000000024,-7.122702300699108
161,hot,BTC,PZM,buy,2.18e-06,907.01,0.06,alfa,PZM,BTC,sell,2.02e-06,76575.23881517,0.2,28514.74326788991,13015.23511546,907.01,0.0019784682000000002,907.01,907.01,0.0018284959,-0.00014997230000000027,-7.580222921955492
162,hot,BTC,PZM,buy,2.18e-06,907.01,0.06,hot,PZM,BTC,sell,2.08e-06,71.71,0.06,28514.74326788991,19469.8532381,71.71,0.0001564216,71.71,71.71,0.0001490673,-7.3542999999999916e-06,-4.7015885274156455
163,hot,BTC,PZM,buy,2.18e-06,907.01,0.06,hot,PZM,BTC,sell,2.07e-06,77.14999999999998,0.06,28514.74326788991,19469.8532381,77.15,0.00016828790000000002,77.15,77.15,0.0001596047,-8.683200000000012e-06,-5.159729249696509
164,hot,BTC,PZM,buy,2.18e-06,907.01,0.06,hot,PZM,BTC,sell,2.06e-06,418.25,0.06,28514.74326788991,19469.8532381,418.25,0.0009123321000000001,418.25,418.25,0.000861078,-5.125410000000007e-05,-5.617921368764736
165,hot,BTC,PZM,buy,2.18e-06,907.01,0.06,hot,PZM,BTC,sell,2.05e-06,1492.98,0.06,28514.74326788991,19469.8532381,907.01,0.0019784682000000002,907.01,907.01,0.0018582548999999998,-0.00012021330000000041,-6.076079463900426
166,hot,BTC,PZM,buy,2.18e-06,907.01,0.06,hot,PZM,BTC,sell,2.04e-06,1760.54,0.06,28514.74326788991,19469.8532381,907.01,0.0019784682000000002,907.01,907.01,0.0018491902,-0.00012927800000000025,-6.534247050319042
167,hot,BTC,PZM,buy,2.18e-06,907.01,0.06,live,PZM,BTC,sell,2.03e-06,100.0,0.18,28514.74326788991,3412.91078305,100.0,0.00021813080000000003,100.0,100.0,0.0002026346,-1.549620000000003e-05,-7.104086172149934
168,hot,BTC,PZM,buy,2.18e-06,907.01,0.06,live,PZM,BTC,sell,2.02e-06,225.51178945,0.18,28514.74326788991,3412.91078305,225.51178945,0.0004919107,225.51178945,225.51178945,0.0004547139,-3.719680000000003e-05,-7.561697682119951
169,hot,BTC,PZM,buy,2.18e-06,907.01,0.06,live,PZM,BTC,sell,1.99e-06,385.20455796,0.18,28514.74326788991,3412.91078305,385.20455796,0.0008402498,385.20455796,385.20455796,0.0007651772999999999,-7.507250000000009e-05,-8.934545417327096
170,hot,BTC,PZM,buy,2.18e-06,907.01,0.06,live,PZM,BTC,sell,1.96e-06,587.21139665,0.18,28514.74326788991,3412.91078305,587.21139665,0.0012808889,587.21139665,587.21139665,0.0011488627,-0.0001320262,-10.307388876584065
171,hot,BTC,PZM,buy,2.18e-06,907.01,0.06,live,PZM,BTC,sell,2.04e-06,1862.82339004,0.18,28514.74326788991,3412.91078305,907.01,0.0019784682000000002,907.01,907.01,0.0018469698999999998,-0.0001314983000000004,-6.646470233891066
172,hot,BTC,PZM,buy,2.2e-06,2338.1600000000008,0.06,alfa,PZM,BTC,sell,2.04e-06,580.47170963,0.2,28255.518329090908,13015.23511546,580.47170963,0.001277804,580.47170963,580.47170963,0.001181794,-9.60100000000001e-05,-7.513671893342024
173,hot,BTC,PZM,buy,2.2e-06,2338.1600000000008,0.06,alfa,PZM,BTC,sell,2.03e-06,29322.50119141,0.2,28255.518329090908,13015.23511546,2338.16,0.005147038400000001,2338.16,2338.16,0.0047369719,-0.00041006650000000033,-7.967037898920674
174,hot,BTC,PZM,buy,2.2e-06,2338.1600000000008,0.06,alfa,PZM,BTC,sell,2.02e-06,76575.23881517,0.2,28255.518329090908,13015.23511546,2338.16,0.005147038400000001,2338.16,2338.16,0.004713637,-0.00043340140000000093,-8.42040346930384
175,hot,BTC,PZM,buy,2.2e-06,2338.1600000000008,0.06,hot,PZM,BTC,sell,2.08e-06,71.71,0.06,28255.518329090908,19469.8532381,71.71,0.0001578567,71.71,71.71,0.0001490673,-8.789399999999987e-06,-5.567961321882434
176,hot,BTC,PZM,buy,2.2e-06,2338.1600000000008,0.06,hot,PZM,BTC,sell,2.07e-06,77.14999999999998,0.06,28255.518329090908,19469.8532381,77.15,0.0001698318,77.15,77.15,0.0001596047,-1.0227100000000002e-05,-6.021899314498228
177,hot,BTC,PZM,buy,2.2e-06,2338.1600000000008,0.06,hot,PZM,BTC,sell,2.06e-06,418.25,0.06,28255.518329090908,19469.8532381,418.25,0.0009207021000000001,418.25,418.25,0.000861078,-5.962410000000002e-05,-6.475938308384439
178,hot,BTC,PZM,buy,2.2e-06,2338.1600000000008,0.06,hot,PZM,BTC,sell,2.05e-06,1492.98,0.06,28255.518329090908,19469.8532381,1492.98,0.0032865267,1492.98,1492.98,0.0030587726,-0.00022775409999999975,-6.929933050597148
179,hot,BTC,PZM,buy,2.2e-06,2338.1600000000008,0.06,hot,PZM,BTC,sell,2.04e-06,1760.54,0.06,28255.518329090908,19469.8532381,1760.54,0.0038755119,1760.54,1760.54,0.0035893467,-0.0002861652000000002,-7.383932945735508
180,hot,BTC,PZM,buy,2.2e-06,2338.1600000000008,0.06,live,PZM,BTC,sell,2.03e-06,100.0,0.18,28255.518329090908,3412.91078305,100.0,0.000220132,100.0,100.0,0.0002026346,-1.74974e-05,-7.94859447967583
181,hot,BTC,PZM,buy,2.2e-06,2338.1600000000008,0.06,live,PZM,BTC,sell,2.02e-06,225.51178945,0.18,28255.518329090908,3412.91078305,225.51178945,0.0004964236000000001,225.51178945,225.51178945,0.0004547139,-4.170970000000004e-05,-8.402038098108155
182,hot,BTC,PZM,buy,2.2e-06,2338.1600000000008,0.06,live,PZM,BTC,sell,1.99e-06,385.20455796,0.18,28255.518329090908,3412.91078305,385.20455796,0.0008479585000000001,385.20455796,385.20455796,0.0007651772999999999,-8.278120000000016e-05,-9.762411721800083
183,hot,BTC,PZM,buy,2.2e-06,2338.1600000000008,0.06,live,PZM,BTC,sell,1.96e-06,587.21139665,0.18,28255.518329090908,3412.91078305,587.21139665,0.0012926402000000001,587.21139665,587.21139665,0.0011488627,-0.00014377750000000005,-11.122778016651504
184,hot,BTC,PZM,buy,2.2e-06,2338.1600000000008,0.06,live,PZM,BTC,sell,2.04e-06,1862.82339004,0.18,28255.518329090908,3412.91078305,1862.82339004,0.0041006704,1862.82339004,1862.82339004,0.0037933194,-0.000307351,-7.495140306814221
185,hot,BTC,PZM,buy,2.22e-06,2630.3,0.06,alfa,PZM,BTC,sell,2.04e-06,580.47170963,0.2,28000.96410990991,13015.23511546,580.47170963,0.0012894204,580.47170963,580.47170963,0.001181794,-0.00010762640000000013,-8.34688205646507
186,hot,BTC,PZM,buy,2.22e-06,2630.3,0.06,alfa,PZM,BTC,sell,2.03e-06,29322.50119141,0.2,28000.96410990991,13015.23511546,2630.3,0.0058427696,2630.3,2630.3,0.00532883,-0.0005139395999999999,-8.796164065754022
187,hot,BTC,PZM,buy,2.22e-06,2630.3,0.06,alfa,PZM,BTC,sell,2.02e-06,76575.23881517,0.2,28000.96410990991,13015.23511546,2630.3,0.0058427696,2630.3,2630.3,0.005302579599999999,-0.0005401900000000003,-9.245444146899107
188,hot,BTC,PZM,buy,2.22e-06,2630.3,0.06,hot,PZM,BTC,sell,2.08e-06,71.71,0.06,28000.96410990991,19469.8532381,71.71,0.0001592917,71.71,71.71,0.0001490673,-1.0224400000000003e-05,-6.418664625966075
189,hot,BTC,PZM,buy,2.22e-06,2630.3,0.06,hot,PZM,BTC,sell,2.07e-06,77.14999999999998,0.06,28000.96410990991,19469.8532381,77.15,0.0001713758,77.15,77.15,0.0001596047,-1.17711e-05,-6.868589380764378
190,hot,BTC,PZM,buy,2.22e-06,2630.3,0.06,hot,PZM,BTC,sell,2.06e-06,418.25,0.06,28000.96410990991,19469.8532381,418.25,0.0009290721000000001,418.25,418.25,0.000861078,-6.799410000000007e-05,-7.318495518270334
191,hot,BTC,PZM,buy,2.22e-06,2630.3,0.06,hot,PZM,BTC,sell,2.05e-06,1492.98,0.06,28000.96410990991,19469.8532381,1492.98,0.0033164042,1492.98,1492.98,0.0030587726,-0.0002576315999999997,-7.768401692411309
192,hot,BTC,PZM,buy,2.22e-06,2630.3,0.06,hot,PZM,BTC,sell,2.04e-06,1760.54,0.06,28000.96410990991,19469.8532381,1760.54,0.0039107438,1760.54,1760.54,0.0035893467,-0.0003213970999999998,-8.21831130947519
193,hot,BTC,PZM,buy,2.22e-06,2630.3,0.06,live,PZM,BTC,sell,2.03e-06,100.0,0.18,28000.96410990991,3412.91078305,100.0,0.0002221332,100.0,100.0,0.0002026346,-1.9498599999999997e-05,-8.777886421300371
194,hot,BTC,PZM,buy,2.22e-06,2630.3,0.06,live,PZM,BTC,sell,2.02e-06,225.51178945,0.18,28000.96410990991,3412.91078305,225.51178945,0.0005009366,225.51178945,225.51178945,0.0004547139,-4.622269999999997e-05,-9.227255504988051
195,hot,BTC,PZM,buy,2.22e-06,2630.3,0.06,live,PZM,BTC,sell,1.99e-06,385.20455796,0.18,28000.96410990991,3412.91078305,385.20455796,0.0008556672,385.20455796,385.20455796,0.0007651772999999999,-9.048990000000011e-05,-10.575361542431462
196,hot,BTC,PZM,buy,2.22e-06,2630.3,0.06,live,PZM,BTC,sell,1.96e-06,587.21139665,0.18,28000.96410990991,3412.91078305,587.21139665,0.0013043915,587.21139665,587.21139665,0.0011488627,-0.00015552879999999989,-11.923475428964379
197,hot,BTC,PZM,buy,2.22e-06,2630.3,0.06,live,PZM,BTC,sell,2.04e-06,1862.82339004,0.18,28000.96410990991,3412.91078305,1862.82339004,0.0041379492,1862.82339004,1862.82339004,0.0037933194,-0.0003446298000000002,-8.328516937810647
198,live,BTC,PZM,buy,2.12e-06,316.76394885,0.18,alfa,PZM,BTC,sell,2.04e-06,580.47170963,0.2,17725.899053773584,13015.23511546,316.76394885,0.0006727483,316.76394885,316.76394885,0.0006449061,-2.7842199999999996e-05,-4.138576046940586
199,live,BTC,PZM,buy,2.12e-06,316.76394885,0.18,alfa,PZM,BTC,sell,2.03e-06,29322.50119141,0.2,17725.899053773584,13015.23511546,316.76394885,0.0006727483,316.76394885,316.76394885,0.0006417448,-3.1003499999999995e-05,-4.608484332104592
200,live,BTC,PZM,buy,2.12e-06,316.76394885,0.18,alfa,PZM,BTC,sell,2.02e-06,76575.23881517,0.2,17725.899053773584,13015.23511546,316.76394885,0.0006727483,316.76394885,316.76394885,0.0006385835,-3.4164799999999995e-05,-5.078392617268597
201,live,BTC,PZM,buy,2.12e-06,316.76394885,0.18,hot,PZM,BTC,sell,2.08e-06,71.71,0.06,17725.899053773584,19469.8532381,71.71,0.00015229879999999999,71.71,71.71,0.0001490673,-3.2314999999999774e-06,-2.1218157989425905
202,live,BTC,PZM,buy,2.12e-06,316.76394885,0.18,hot,PZM,BTC,sell,2.07e-06,77.14999999999998,0.06,17725.899053773584,19469.8532381,77.15,0.0001638524,77.15,77.15,0.0001596047,-4.247699999999997e-06,-2.5923941303270484
203,live,BTC,PZM,buy,2.12e-06,316.76394885,0.18,hot,PZM,BTC,sell,2.06e-06,418.25,0.06,17725.899053773584,19469.8532381,316.76394885,0.0006727483,316.76394885,316.76394885,0.0006521422,-2.060609999999998e-05,-3.0629731803112663
204,live,BTC,PZM,buy,2.12e-06,316.76394885,0.18,hot,PZM,BTC,sell,2.05e-06,1492.98,0.06,17725.899053773584,19469.8532381,316.76394885,0.0006727483,316.76394885,316.76394885,0.0006489765000000001,-2.377179999999996e-05,-3.5335354990863537
205,live,BTC,PZM,buy,2.12e-06,316.76394885,0.18,hot,PZM,BTC,sell,2.04e-06,1760.54,0.06,17725.899053773584,19469.8532381,316.76394885,0.0006727483,316.76394885,316.76394885,0.0006458107,-2.6937599999999977e-05,-4.004112682261699
206,live,BTC,PZM,buy,2.12e-06,316.76394885,0.18,live,PZM,BTC,sell,2.03e-06,100.0,0.18,17725.899053773584,3412.91078305,100.0,0.0002123816,100.0,100.0,0.0002026346,-9.747e-06,-4.589380624310204
207,live,BTC,PZM,buy,2.12e-06,316.76394885,0.18,live,PZM,BTC,sell,2.02e-06,225.51178945,0.18,17725.899053773584,3412.91078305,225.51178945,0.00047894550000000005,225.51178945,225.51178945,0.0004547139,-2.4231600000000034e-05,-5.059364792027492
208,live,BTC,PZM,buy,2.12e-06,316.76394885,0.18,live,PZM,BTC,sell,1.99e-06,385.20455796,0.18,17725.899053773584,3412.91078305,316.76394885,0.0006727483,316.76394885,316.76394885,0.0006292256,-4.352270000000007e-05,-6.469388328443204
209,live,BTC,PZM,buy,2.12e-06,316.76394885,0.18,live,PZM,BTC,sell,1.96e-06,587.21139665,0.18,17725.899053773584,3412.91078305,316.76394885,0.0006727483,316.76394885,316.76394885,0.0006197398000000001,-5.300849999999996e-05,-7.8793956075399905
210,live,BTC,PZM,buy,2.12e-06,316.76394885,0.18,live,PZM,BTC,sell,2.04e-06,1862.82339004,0.18,17725.899053773584,3412.91078305,316.76394885,0.0006727483,316.76394885,316.76394885,0.0006450353,-2.7713000000000065e-05,-4.119371241815113
211,live,BTC,PZM,buy,2.13e-06,764.11481877,0.18,alfa,PZM,BTC,sell,2.04e-06,580.47170963,0.2,17642.678870422536,13015.23511546,580.47170963,0.0012386303,580.47170963,580.47170963,0.001181794,-5.68363000000001e-05,-4.5886411788893025
212,live,BTC,PZM,buy,2.13e-06,764.11481877,0.18,alfa,PZM,BTC,sell,2.03e-06,29322.50119141,0.2,17642.678870422536,13015.23511546,764.11481877,0.0016304942000000002,764.11481877,764.11481877,0.0015480507999999999,-8.244340000000032e-05,-5.0563442666646905
213,live,BTC,PZM,buy,2.13e-06,764.11481877,0.18,alfa,PZM,BTC,sell,2.02e-06,76575.23881517,0.2,17642.678870422536,13015.23511546,764.11481877,0.0016304942000000002,764.11481877,764.11481877,0.0015404249,-9.006930000000023e-05,-5.524049088920416
214,live,BTC,PZM,buy,2.13e-06,764.11481877,0.18,hot,PZM,BTC,sell,2.08e-06,71.71,0.06,17642.678870422536,19469.8532381,71.71,0.0001530172,71.71,71.71,0.0001490673,-3.949899999999981e-06,-2.5813437966450707
215,live,BTC,PZM,buy,2.13e-06,764.11481877,0.18,hot,PZM,BTC,sell,2.07e-06,77.14999999999998,0.06,17642.678870422536,19469.8532381,77.15,0.0001646253,77.15,77.15,0.0001596047,-5.0205999999999905e-06,-3.049713500901739
216,live,BTC,PZM,buy,2.13e-06,764.11481877,0.18,hot,PZM,BTC,sell,2.06e-06,418.25,0.06,17642.678870422536,19469.8532381,418.25,0.0008924761,418.25,418.25,0.000861078,-3.139810000000001e-05,-3.5180886076389055
217,live,BTC,PZM,buy,2.13e-06,764.11481877,0.18,hot,PZM,BTC,sell,2.05e-06,1492.98,0.06,17642.678870422536,19469.8532381,764.11481877,0.0016304942000000002,764.11481877,764.11481877,0.0015654954999999998,-6.499870000000038e-05,-3.9864416567688723
218,live,BTC,PZM,buy,2.13e-06,764.11481877,0.18,hot,PZM,BTC,sell,2.04e-06,1760.54,0.06,17642.678870422536,19469.8532381,764.11481877,0.0016304942000000002,764.11481877,764.11481877,0.001557859,-7.263520000000022e-05,-4.4547965886661975
219,live,BTC,PZM,buy,2.13e-06,764.11481877,0.18,live,PZM,BTC,sell,2.03e-06,100.0,0.18,17642.678870422536,3412.91078305,100.0,0.00021338340000000001,100.0,100.0,0.0002026346,-1.0748800000000015e-05,-5.037317804477768
220,live,BTC,PZM,buy,2.13e-06,764.11481877,0.18,live,PZM,BTC,sell,2.02e-06,225.51178945,0.18,17642.678870422536,3412.91078305,225.51178945,0.0004812047,225.51178945,225.51178945,0.0004547139,-2.64908e-05,-5.50510001253105
221,live,BTC,PZM,buy,2.13e-06,764.11481877,0.18,live,PZM,BTC,sell,1.99e-06,385.20455796,0.18,17642.678870422536,3412.91078305,385.20455796,0.0008219626,385.20455796,385.20455796,0.0007651772999999999,-5.6785300000000054e-05,-6.9085016763536515
222,live,BTC,PZM,buy,2.13e-06,764.11481877,0.18,live,PZM,BTC,sell,1.96e-06,587.21139665,0.18,17642.678870422536,3412.91078305,587.21139665,0.0012530116,587.21139665,587.21139665,0.0011488627,-0.00010414889999999996,-8.311886338482417
223,live,BTC,PZM,buy,2.13e-06,764.11481877,0.18,live,PZM,BTC,sell,2.04e-06,1862.82339004,0.18,17642.678870422536,3412.91078305,764.11481877,0.0016304942000000002,764.11481877,764.11481877,0.0015559884,-7.450580000000016e-05,-4.569522541079885
224,live,BTC,PZM,buy,2.14e-06,13089.80419745,0.18,alfa,PZM,BTC,sell,2.04e-06,580.47170963,0.2,17560.23644579439,13015.23511546,580.47170963,0.0012444454,580.47170963,580.47170963,0.001181794,-6.265140000000008e-05,-5.034483634235787
225,live,BTC,PZM,buy,2.14e-06,13089.80419745,0.18,alfa,PZM,BTC,sell,2.03e-06,29322.50119141,0.2,17560.23644579439,13015.23511546,13015.23511546,0.027902737799999997,13015.23511546,13015.23511546,0.0263680854,-0.0015346523999999959,-5.500006526241292
226,live,BTC,PZM,buy,2.14e-06,13089.80419745,0.18,alfa,PZM,BTC,sell,2.02e-06,76575.23881517,0.2,17560.23644579439,13015.23511546,13015.23511546,0.027902737799999997,13015.23511546,13015.23511546,0.0262381934,-0.0016645443999999988,-5.965523569518684
227,live,BTC,PZM,buy,2.14e-06,13089.80419745,0.18,hot,PZM,BTC,sell,2.08e-06,71.71,0.06,17560.23644579439,19469.8532381,71.71,0.0001537356,71.71,71.71,0.0001490673,-4.668299999999984e-06,-3.0365770842927624
228,live,BTC,PZM,buy,2.14e-06,13089.80419745,0.18,hot,PZM,BTC,sell,2.07e-06,77.14999999999998,0.06,17560.23644579439,19469.8532381,77.15,0.0001653982,77.15,77.15,0.0001596047,-5.7934999999999844e-06,-3.5027587966495313
229,live,BTC,PZM,buy,2.14e-06,13089.80419745,0.18,hot,PZM,BTC,sell,2.06e-06,418.25,0.06,17560.23644579439,19469.8532381,418.25,0.0008966661,418.25,418.25,0.000861078,-3.558809999999995e-05,-3.9689355937511133
230,live,BTC,PZM,buy,2.14e-06,13089.80419745,0.18,hot,PZM,BTC,sell,2.05e-06,1492.98,0.06,17560.23644579439,19469.8532381,1492.98,0.0032007282,1492.98,1492.98,0.0030587726,-0.0001419555999999998,-4.435103236819665
231,live,BTC,PZM,buy,2.14e-06,13089.80419745,0.18,hot,PZM,BTC,sell,2.04e-06,1760.54,0.06,17560.23644579439,19469.8532381,1760.54,0.0037743371999999996,1760.54,1760.54,0.0035893467,-0.00018499049999999963,-4.9012711423875865
232,live,BTC,PZM,buy,2.14e-06,13089.80419745,0.18,live,PZM,BTC,sell,2.03e-06,100.0,0.18,17560.23644579439,3412.91078305,100.0,0.0002143852,100.0,100.0,0.0002026346,-1.1750600000000002e-05,-5.481068655858707
233,live,BTC,PZM,buy,2.14e-06,13089.80419745,0.18,live,PZM,BTC,sell,2.02e-06,225.51178945,0.18,17560.23644579439,3412.91078305,225.51178945,0.0004834639,225.51178945,225.51178945,0.0004547139,-2.8749999999999967e-05,-5.946669441089597
234,live,BTC,PZM,buy,2.14e-06,13089.80419745,0.18,live,PZM,BTC,sell,1.99e-06,385.20455796,0.18,17560.23644579439,3412.91078305,385.20455796,0.0008258216,385.20455796,385.20455796,0.0007651772999999999,-6.06443000000001e-05,-7.343510995595187
235,live,BTC,PZM,buy,2.14e-06,13089.80419745,0.18,live,PZM,BTC,sell,1.96e-06,587.21139665,0.18,17560.23644579439,3412.91078305,587.21139665,0.0012588942999999999,587.21139665,587.21139665,0.0011488627,-0.00011003159999999979,-8.740336658923614
236,live,BTC,PZM,buy,2.14e-06,13089.80419745,0.18,live,PZM,BTC,sell,2.04e-06,1862.82339004,0.18,17560.23644579439,3412.91078305,1862.82339004,0.0039936177,1862.82339004,1862.82339004,0.0037933194,-0.00020029830000000033,-5.015460042657571
237,live,BTC,PZM,buy,2.16e-06,20631.51885446,0.18,alfa,PZM,BTC,sell,2.04e-06,580.47170963,0.2,17397.641663888888,13015.23511546,580.47170963,0.0012560758,580.47170963,580.47170963,0.001181794,-7.42818000000001e-05,-5.913799151293266
238,live,BTC,PZM,buy,2.16e-06,20631.51885446,0.18,alfa,PZM,BTC,sell,2.03e-06,29322.50119141,0.2,17397.641663888888,13015.23511546,13015.23511546,0.0281635111,13015.23511546,13015.23511546,0.0263680854,-0.0017954256999999987,-6.375006630476548
239,live,BTC,PZM,buy,2.16e-06,20631.51885446,0.18,alfa,PZM,BTC,sell,2.02e-06,76575.23881517,0.2,17397.641663888888,13015.23511546,13015.23511546,0.0281635111,13015.23511546,13015.23511546,0.0262381934,-0.0019253177000000017,-6.836213329949481
240,live,BTC,PZM,buy,2.16e-06,20631.51885446,0.18,hot,PZM,BTC,sell,2.08e-06,71.71,0.06,17397.641663888888,19469.8532381,71.71,0.0001551724,71.71,71.71,0.0001490673,-6.10509999999999e-06,-3.934398127502049
241,live,BTC,PZM,buy,2.16e-06,20631.51885446,0.18,hot,PZM,BTC,sell,2.07e-06,77.14999999999998,0.06,17397.641663888888,19469.8532381,77.15,0.000166944,77.15,77.15,0.0001596047,-7.339299999999999e-06,-4.396264615679509
242,live,BTC,PZM,buy,2.16e-06,20631.51885446,0.18,hot,PZM,BTC,sell,2.06e-06,418.25,0.06,17397.641663888888,19469.8532381,418.25,0.0009050461999999999,418.25,418.25,0.000861078,-4.3968199999999875e-05,-4.85811663537175
243,live,BTC,PZM,buy,2.16e-06,20631.51885446,0.18,hot,PZM,BTC,sell,2.05e-06,1492.98,0.06,17397.641663888888,19469.8532381,1492.98,0.0032306415000000004,1492.98,1492.98,0.0030587726,-0.00017186890000000024,-5.319961995164125
244,live,BTC,PZM,buy,2.16e-06,20631.51885446,0.18,hot,PZM,BTC,sell,2.04e-06,1760.54,0.06,17397.641663888888,19469.8532381,1760.54,0.0038096114,1760.54,1760.54,0.0035893467,-0.0002202647000000002,-5.781815436608579
245,live,BTC,PZM,buy,2.16e-06,20631.51885446,0.18,live,PZM,BTC,sell,2.03e-06,100.0,0.18,17397.641663888888,3412.91078305,100.0,0.0002163888,100.0,100.0,0.0002026346,-1.3754200000000005e-05,-6.356243946082239
246,live,BTC,PZM,buy,2.16e-06,20631.51885446,0.18,live,PZM,BTC,sell,2.02e-06,225.51178945,0.18,17397.641663888888,3412.91078305,225.51178945,0.0004879823,225.51178945,225.51178945,0.0004547139,-3.326840000000001e-05,-6.817542357581413
247,live,BTC,PZM,buy,2.16e-06,20631.51885446,0.18,live,PZM,BTC,sell,1.99e-06,385.20455796,0.18,17397.641663888888,3412.91078305,385.20455796,0.0008335395,385.20455796,385.20455796,0.0007651772999999999,-6.836220000000005e-05,-8.201434964989668
248,live,BTC,PZM,buy,2.16e-06,20631.51885446,0.18,live,PZM,BTC,sell,1.96e-06,587.21139665,0.18,17397.641663888888,3412.91078305,587.21139665,0.0012706597,587.21139665,587.21139665,0.0011488627,-0.00012179699999999988,-9.585335869233901
249,live,BTC,PZM,buy,2.16e-06,20631.51885446,0.18,live,PZM,BTC,sell,2.04e-06,1862.82339004,0.18,17397.641663888888,3412.91078305,1862.82339004,0.0040309412,1862.82339004,1862.82339004,0.0037933194,-0.00023762179999999977,-5.894945825555575
250,live,BTC,PZM,buy,2.15e-06,22355.39945147,0.18,alfa,PZM,BTC,sell,2.04e-06,580.47170963,0.2,17478.56092744186,13015.23511546,580.47170963,0.0012502606,580.47170963,580.47170963,0.001181794,-6.846660000000009e-05,-5.476186324675038
251,live,BTC,PZM,buy,2.15e-06,22355.39945147,0.18,alfa,PZM,BTC,sell,2.03e-06,29322.50119141,0.2,17478.56092744186,13015.23511546,13015.23511546,0.028033124500000003,13015.23511546,13015.23511546,0.0263680854,-0.0016650391000000014,-5.939541630473625
252,live,BTC,PZM,buy,2.15e-06,22355.39945147,0.18,alfa,PZM,BTC,sell,2.02e-06,76575.23881517,0.2,17478.56092744186,13015.23511546,13015.23511546,0.028033124500000003,13015.23511546,13015.23511546,0.0262381934,-0.0017949311000000044,-6.4028934769650965
253,live,BTC,PZM,buy,2.15e-06,22355.39945147,0.18,hot,PZM,BTC,sell,2.08e-06,71.71,0.06,17478.56092744186,19469.8532381,71.71,0.000154454,71.71,71.71,0.0001490673,-5.386699999999987e-06,-3.4875755888484514
254,live,BTC,PZM,buy,2.15e-06,22355.39945147,0.18,hot,PZM,BTC,sell,2.07e-06,77.14999999999998,0.06,17478.56092744186,19469.8532381,77.15,0.0001661711,77.15,77.15,0.0001596047,-6.5664000000000054e-06,-3.951589656685191
255,live,BTC,PZM,buy,2.15e-06,22355.39945147,0.18,hot,PZM,BTC,sell,2.06e-06,418.25,0.06,17478.56092744186,19469.8532381,418.25,0.0009008561,418.25,418.25,0.000861078,-3.9778100000000005e-05,-4.415588682809608
256,live,BTC,PZM,buy,2.15e-06,22355.39945147,0.18,hot,PZM,BTC,sell,2.05e-06,1492.98,0.06,17478.56092744186,19469.8532381,1492.98,0.0032156847999999997,1492.98,1492.98,0.0030587726,-0.00015691219999999957,-4.8795889447871135
257,live,BTC,PZM,buy,2.15e-06,22355.39945147,0.18,hot,PZM,BTC,sell,2.04e-06,1760.54,0.06,17478.56092744186,19469.8532381,1760.54,0.0037919743,1760.54,1760.54,0.0035893467,-0.00020262760000000013,-5.3435910681145735
258,live,BTC,PZM,buy,2.15e-06,22355.39945147,0.18,live,PZM,BTC,sell,2.03e-06,100.0,0.18,17478.56092744186,3412.91078305,100.0,0.00021538700000000002,100.0,100.0,0.0002026346,-1.2752400000000017e-05,-5.9206915923430925
259,live,BTC,PZM,buy,2.15e-06,22355.39945147,0.18,live,PZM,BTC,sell,2.02e-06,225.51178945,0.18,17478.56092744186,3412.91078305,225.51178945,0.00048572309999999995,225.51178945,225.51178945,0.0004547139,-3.1009199999999933e-05,-6.384131205618991
260,live,BTC,PZM,buy,2.15e-06,22355.39945147,0.18,live,PZM,BTC,sell,1.99e-06,385.20455796,0.18,17478.56092744186,3412.91078305,385.20455796,0.0008296805,385.20455796,385.20455796,0.0007651772999999999,-6.450320000000011e-05,-7.774462579269985
261,live,BTC,PZM,buy,2.15e-06,22355.39945147,0.18,live,PZM,BTC,sell,1.96e-06,587.21139665,0.18,17478.56092744186,3412.91078305,587.21139665,0.001264777,587.21139665,587.21139665,0.0011488627,-0.00011591429999999983,-9.164801383959373
262,live,BTC,PZM,buy,2.15e-06,22355.39945147,0.18,live,PZM,BTC,sell,2.04e-06,1862.82339004,0.18,17478.56092744186,3412.91078305,1862.82339004,0.0040122794,1862.82339004,1862.82339004,0.0037933194,-0.00021895999999999981,-5.4572470700819045
526,alfa,USD,PZM,buy,0.02,55277.98922992,0.2,hot,PZM,USDT,sell,0.01962658,2050.3,0.06,41089.627872,19469.8532381,2050.3,41.006,2050.3,2046.1994,40.1358002823,-0.8701997176999967,-2.122127780568689
527,alfa,USD,PZM,buy,0.02,55277.98922992,0.2,hot,PZM,USDT,sell,0.0196265,2308.350000000001,0.06,41089.627872,19469.8532381,2308.35,46.167,2308.35,2303.7333,45.187093079499995,-0.9799069205000066,-2.1225267409621735
528,alfa,USD,PZM,buy,0.02,55277.98922992,0.2,hot,PZM,USDT,sell,0.01955054,2308.4600000000005,0.06,41089.627872,19469.8532381,2308.46,46.1692,2308.46,2303.84308,45.014351463500006,-1.1548485364999905,-2.501339716737545
529,alfa,USD,PZM,buy,0.02,55277.98922992,0.2,hot,PZM,USDT,sell,0.01955,3762.590000000001,0.06,41089.627872,19469.8532381,3762.59,75.2518,3762.59,3755.06482,73.3674703207,-1.8843296793000093,-2.5040326999487177
530,alfa,USD,PZM,buy,0.02,55277.98922992,0.2,hot,PZM,USDT,sell,0.0195,3962.590000000001,0.06,41089.627872,19469.8532381,3962.59,79.2518,3962.59,3954.66482,77.0696944116,-2.182105588400006,-2.7533830000075783
531,alfa,USD,PZM,buy,0.0201,55290.73077994,0.2,hot,PZM,USDT,sell,0.01962658,2050.3,0.06,40885.20186268657,19469.8532381,2050.3,41.21103,2050.3,2046.1994,40.1358002823,-1.0752297176999974,-2.6090823687250655
532,alfa,USD,PZM,buy,0.0201,55290.73077994,0.2,hot,PZM,USDT,sell,0.0196265,2308.350000000001,0.06,40885.20186268657,19469.8532381,2308.35,46.397835,2308.35,2303.7333,45.187093079499995,-1.2107419205000056,-2.6094793442409663
533,alfa,USD,PZM,buy,0.0201,55290.73077994,0.2,hot,PZM,USDT,sell,0.01955054,2308.4600000000005,0.06,40885.20186268657,19469.8532381,2308.46,46.400046,2308.46,2303.84308,45.014351463500006,-1.3856945364999973,-2.98640767834583
534,alfa,USD,PZM,buy,0.0201,55290.73077994,0.2,hot,PZM,USDT,sell,0.01955,3762.590000000001,0.06,40885.20186268657,19469.8532381,3762.59,75.628059,3762.59,3755.06482,73.3674703207,-2.2605886792999996,-2.9890872636305525
535,alfa,USD,PZM,buy,0.0201,55290.73077994,0.2,hot,PZM,USDT,sell,0.0195,3962.590000000001,0.06,40885.20186268657,19469.8532381,3962.59,79.648059,3962.59,3954.66482,77.0696944116,-2.5783645884000066,-3.2371970149329146
536,alfa,USD,PZM,buy,0.0202,74396.24062088999,0.2,hot,PZM,USDT,sell,0.01962658,2050.3,0.06,40682.79987326733,19469.8532381,2050.3,41.41606,2050.3,2046.1994,40.1358002823,-1.2802597176999981,-3.091215624325438
537,alfa,USD,PZM,buy,0.0202,74396.24062088999,0.2,hot,PZM,USDT,sell,0.0196265,2308.350000000001,0.06,40682.79987326733,19469.8532381,2308.35,46.62867,2308.35,2303.7333,45.187093079499995,-1.4415769205000046,-3.0916106346160093
538,alfa,USD,PZM,buy,0.0202,74396.24062088999,0.2,hot,PZM,USDT,sell,0.01955054,2308.4600000000005,0.06,40682.79987326733,19469.8532381,2308.46,46.630892,2308.46,2303.84308,45.014351463500006,-1.616540536499997,-3.4666729868688697
539,alfa,USD,PZM,buy,0.0202,74396.24062088999,0.2,hot,PZM,USDT,sell,0.01955,3762.590000000001,0.06,40682.79987326733,19469.8532381,3762.59,76.004318,3762.59,3755.06482,73.3674703207,-2.636847679300004,-3.4693393068799123
540,alfa,USD,PZM,buy,0.0202,74396.24062088999,0.2,hot,PZM,USDT,sell,0.0195,3962.590000000001,0.06,40682.79987326733,19469.8532381,3962.59,80.044318,3962.59,3954.66482,77.0696944116,-2.974623588400007,-3.716220792086713
541,live,USD,PZM,buy,0.01991,200.0,0.18,hot,PZM,USDT,sell,0.01962658,2050.3,0.06,676.0833181489704,19469.8532381,200.0,3.9891676,200.0,200.0,3.9229608104,-0.06620678959999982,-1.6596642768280736
542,live,USD,PZM,buy,0.01991,200.0,0.18,hot,PZM,USDT,sell,0.0196265,2308.350000000001,0.06,676.0833181489704,19469.8532381,200.0,3.9891676,200.0,200.0,3.92294482,-0.06622277999999993,-1.6600651223578555
543,live,USD,PZM,buy,0.01991,200.0,0.18,hot,PZM,USDT,sell,0.01955054,2308.4600000000005,0.06,676.0833181489704,19469.8532381,200.0,3.9891676,200.0,200.0,3.9077619352,-0.08140566480000011,-2.0406679528832057
544,live,USD,PZM,buy,0.01991,200.0,0.18,hot,PZM,USDT,sell,0.01955,3762.590000000001,0.06,676.0833181489704,19469.8532381,200.0,3.9891676,200.0,200.0,3.907654,-0.08151360000000007,-2.0433736602092143
545,live,USD,PZM,buy,0.01991,200.0,0.18,hot,PZM,USDT,sell,0.0195,3962.590000000001,0.06,676.0833181489704,19469.8532381,200.0,3.9891676,200.0,200.0,3.89766,-0.09150759999999991,-2.2939021163212074
546,live,USD,PZM,buy,0.01998,399.8,0.18,hot,PZM,USDT,sell,0.01962658,2050.3,0.06,673.7146578751751,19469.8532381,399.8,8.0023824072,399.8,399.8,7.84199866,-0.16038374720000093,-2.004199987439972
547,live,USD,PZM,buy,0.01998,399.8,0.18,hot,PZM,USDT,sell,0.0196265,2308.350000000001,0.06,673.7146578751751,19469.8532381,399.8,8.0023824072,399.8,399.8,7.8419666952,-0.1604157120000007,-2.004599428486066
548,live,USD,PZM,buy,0.01998,399.8,0.18,hot,PZM,USDT,sell,0.01955054,2308.4600000000005,0.06,673.7146578751751,19469.8532381,399.8,8.0023824072,399.8,399.8,7.8116161085,-0.19076629870000072,-2.3838688154712795
549,live,USD,PZM,buy,0.01998,399.8,0.18,hot,PZM,USDT,sell,0.01955,3762.590000000001,0.06,673.7146578751751,19469.8532381,399.8,8.0023824072,399.8,399.8,7.811400346,-0.1909820612000006,-2.3865650437820607
550,live,USD,PZM,buy,0.01998,399.8,0.18,hot,PZM,USDT,sell,0.0195,3962.590000000001,0.06,673.7146578751751,19469.8532381,399.8,8.0023824072,399.8,399.8,7.79142234,-0.21096006720000116,-2.6362157725703486
551,live,USD,PZM,buy,0.01999,607.1981694,0.18,hot,PZM,USDT,sell,0.01962658,2050.3,0.06,673.3776320333167,19469.8532381,607.1981694,12.159739610799999,607.1981694,607.1981694,11.9100731135,-0.2496664972999998,-2.0532223985968563
552,live,USD,PZM,buy,0.01999,607.1981694,0.18,hot,PZM,USDT,sell,0.0196265,2308.350000000001,0.06,673.3776320333167,19469.8532381,607.1981694,12.159739610799999,607.1981694,607.1981694,11.9100245668,-0.24971504399999844,-2.0536216398762956
553,live,USD,PZM,buy,0.01999,607.1981694,0.18,hot,PZM,USDT,sell,0.01955054,2308.4600000000005,0.06,673.3776320333167,19469.8532381,607.1981694,12.159739610799999,607.1981694,607.1981694,11.8639294675,-0.2958101432999989,-2.4327012976270246
554,live,USD,PZM,buy,0.01999,607.1981694,0.18,hot,PZM,USDT,sell,0.01955,3762.590000000001,0.06,673.3776320333167,19469.8532381,607.1981694,12.159739610799999,607.1981694,607.1981694,11.8636017772,-0.29613783359999957,-2.4353961768801105
555,live,USD,PZM,buy,0.01999,607.1981694,0.18,hot,PZM,USDT,sell,0.0195,3962.590000000001,0.06,673.3776320333167,19469.8532381,607.1981694,12.159739610799999,607.1981694,607.1981694,11.833260084700001,-0.3264795260999982,-2.684922017655926
556,live,USD,PZM,buy,0.02,707.1981694,0.18,hot,PZM,USDT,sell,0.01962658,2050.3,0.06,673.0409432173001,19469.8532381,673.0409432173001,13.485048338299999,673.0409432173001,673.0409432173001,13.2015662202,-0.28348211809999846,-2.1021957874252295
557,live,USD,PZM,buy,0.02,707.1981694,0.18,hot,PZM,USDT,sell,0.0196265,2308.350000000001,0.06,673.0409432173001,19469.8532381,673.0409432173001,13.485048338299999,673.0409432173001,673.0409432173001,13.201512409200001,-0.2835359290999975,-2.1025948293763523
558,live,USD,PZM,buy,0.02,707.1981694,0.18,hot,PZM,USDT,sell,0.01955054,2308.4600000000005,0.06,673.0409432173001,19469.8532381,673.0409432173001,13.485048338299999,673.0409432173001,673.0409432173001,13.1504188937,-0.3346294445999991,-2.481484946921476
559,live,USD,PZM,buy,0.02,707.1981694,0.18,hot,PZM,USDT,sell,0.01955,3762.590000000001,0.06,673.0409432173001,19469.8532381,673.0409432173001,13.485048338299999,673.0409432173001,673.0409432173001,13.1500556696,-0.3349926686999982,-2.484178478979255
560,live,USD,PZM,buy,0.02,707.1981694,0.18,hot,PZM,USDT,sell,0.0195,3962.590000000001,0.06,673.0409432173001,19469.8532381,673.0409432173001,13.485048338299999,673.0409432173001,673.0409432173001,13.116423813699999,-0.3686245245999995,-2.733579556797276
561,live,USD,PZM,buy,0.02004,764.36167468,0.18,hot,PZM,USDT,sell,0.01962658,2050.3,0.06,671.6975481210579,19469.8532381,671.6975481211,13.485048338299999,671.6975481211,671.6975481211,13.1752157886,-0.3098325496999994,-2.2976005864214697
562,live,USD,PZM,buy,0.02004,764.36167468,0.18,hot,PZM,USDT,sell,0.0196265,2308.350000000001,0.06,671.6975481210579,19469.8532381,671.6975481211,13.485048338299999,671.6975481211,671.6975481211,13.175162085,-0.3098862532999984,-2.2979988319349576
563,live,USD,PZM,buy,0.02004,764.36167468,0.18,hot,PZM,USDT,sell,0.01955054,2308.4600000000005,0.06,671.6975481210579,19469.8532381,671.6975481211,13.485048338299999,671.6975481211,671.6975481211,13.1241705526,-0.36087778569999784,-2.676132681519866
564,live,USD,PZM,buy,0.02004,764.36167468,0.18,hot,PZM,USDT,sell,0.01955,3762.590000000001,0.06,671.6975481210579,19469.8532381,671.6975481211,13.485048338299999,671.6975481211,671.6975481211,13.1238080535,-0.36124028479999915,-2.678820837252847
565,live,USD,PZM,buy,0.02004,764.36167468,0.18,hot,PZM,USDT,sell,0.0195,3962.590000000001,0.06,671.6975481210579,19469.8532381,671.6975481211,13.485048338299999,671.6975481211,671.6975481211,13.090243327,-0.394805011299999,-2.9277241089205495
566,hot,USDT,PZM,buy,0.0199999,500.0,0.06,alfa,PZM,USD,sell,0.0197,67826.64946802,0.2,51950.71561267046,13015.23511546,500.0,10.00594997,500.0,500.0,9.8303,-0.17564997000000027,-1.7554552094167655
567,hot,USDT,PZM,buy,0.0199999,500.0,0.06,alfa,PZM,USD,sell,0.0196,76296.03717617999,0.2,51950.71561267046,13015.23511546,500.0,10.00594997,500.0,500.0,9.7804,-0.22554996999999943,-2.254158482465403
568,hot,USDT,PZM,buy,0.0199999,500.0,0.06,live,PZM,USD,sell,0.01951,100.0,0.18,51950.71561267046,3412.91078305,100.0,2.001189994,100.0,100.0,1.9474882,-0.05370179400000019,-2.6834930296978183
569,hot,USDT,PZM,buy,0.0199999,500.0,0.06,live,PZM,USD,sell,0.0195,200.0,0.18,51950.71561267046,3412.91078305,200.0,4.002379988,200.0,200.0,3.89298,-0.10939998800000028,-2.7333733510562483
570,hot,USDT,PZM,buy,0.0199999,500.0,0.06,live,PZM,USD,sell,0.01921,300.7781740000001,0.18,51950.71561267046,3412.91078305,300.778174,6.019142722200001,300.778174,300.778174,5.7675484148,-0.25159430740000044,-4.179902670725219
571,hot,USDT,PZM,buy,0.0199999,500.0,0.06,live,PZM,USD,sell,0.019,505.73219865,0.18,51950.71561267046,3412.91078305,500.0,10.00594997,500.0,500.0,9.4829,-0.5230499699999989,-5.227389418977865
572,hot,USDT,PZM,buy,0.0199999,500.0,0.06,live,PZM,USD,sell,0.0188,517.99586549,0.18,51950.71561267046,3412.91078305,500.0,10.00594997,500.0,500.0,9.38308,-0.62286997,-6.2249958461465305
573,hot,USDT,PZM,buy,0.01999998,1766.49,0.06,alfa,PZM,USD,sell,0.0197,67826.64946802,0.2,51950.5078096002,13015.23511546,1766.49,35.350962529,1766.49,1766.49,34.730253294,-0.6207092349999996,-1.7558481879830108
574,hot,USDT,PZM,buy,0.01999998,1766.49,0.06,alfa,PZM,USD,sell,0.0196,76296.03717617999,0.2,51950.5078096002,13015.23511546,1766.49,35.350962529,1766.49,1766.49,34.553957591999996,-0.7970049370000041,-2.254549466216612
575,hot,USDT,PZM,buy,0.01999998,1766.49,0.06,live,PZM,USD,sell,0.01951,100.0,0.18,51950.5078096002,3412.91078305,100.0,2.0011979988,100.0,100.0,1.9474882,-0.05370979879999993,-2.683882296114953
576,hot,USDT,PZM,buy,0.01999998,1766.49,0.06,live,PZM,USD,sell,0.0195,200.0,0.18,51950.5078096002,3412.91078305,200.0,4.0023959976,200.0,200.0,3.89298,-0.10941599759999976,-2.7337624179518984
577,hot,USDT,PZM,buy,0.01999998,1766.49,0.06,live,PZM,USD,sell,0.01921,300.7781740000001,0.18,51950.5078096002,3412.91078305,300.778174,6.0191667989,300.778174,300.778174,5.7675484148,-0.2516183840999995,-4.180285951636739
578,hot,USDT,PZM,buy,0.01999998,1766.49,0.06,live,PZM,USD,sell,0.019,505.73219865,0.18,51950.5078096002,3412.91078305,505.73219865,10.1207026387,505.73219865,505.73219865,9.591615733200001,-0.529086905499998,-5.2277685096373805
579,hot,USDT,PZM,buy,0.01999998,1766.49,0.06,live,PZM,USD,sell,0.0188,517.99586549,0.18,51950.5078096002,3412.91078305,517.99586549,10.3661228941,517.99586549,517.99586549,9.7207932911,-0.6453296030000004,-6.225370947196636
580,hot,USDT,PZM,buy,0.01999999,4766.49,0.06,alfa,PZM,USD,sell,0.0197,67826.64946802,0.2,51950.48183433332,13015.23511546,4766.49,95.3869501865,4766.49,4766.49,93.712053294,-1.6748968925000014,-1.7558973100882804
581,hot,USDT,PZM,buy,0.01999999,4766.49,0.06,alfa,PZM,USD,sell,0.0196,76296.03717617999,0.2,51950.48183433332,13015.23511546,4766.49,95.3869501865,4766.49,4766.49,93.236357592,-2.1505925944999973,-2.2545983389710766
582,hot,USDT,PZM,buy,0.01999999,4766.49,0.06,live,PZM,USD,sell,0.01951,100.0,0.18,51950.48183433332,3412.91078305,100.0,2.0011989994,100.0,100.0,1.9474882,-0.05371079940000012,-2.6839309541981433
583,hot,USDT,PZM,buy,0.01999999,4766.49,0.06,live,PZM,USD,sell,0.0195,200.0,0.18,51950.48183433332,3412.91078305,200.0,4.0023979988,200.0,200.0,3.89298,-0.10941799880000014,-2.733811051095015
584,hot,USDT,PZM,buy,0.01999999,4766.49,0.06,live,PZM,USD,sell,0.01921,300.7781740000001,0.18,51950.48183433332,3412.91078305,300.778174,6.0191698085,300.778174,300.778174,5.7675484148,-0.2516213936999998,-4.180333861734079
585,hot,USDT,PZM,buy,0.01999999,4766.49,0.06,live,PZM,USD,sell,0.019,505.73219865,0.18,51950.48183433332,3412.91078305,505.73219865,10.120707699,505.73219865,505.73219865,9.591615733200001,-0.5290919657999993,-5.227815895248881
586,hot,USDT,PZM,buy,0.01999999,4766.49,0.06,live,PZM,USD,sell,0.0188,517.99586549,0.18,51950.48183433332,3412.91078305,517.99586549,10.3661280771,517.99586549,517.99586549,9.7207932911,-0.6453347860000012,-6.22541783393186
587,hot,USDT,PZM,buy,0.02,8817.65,0.06,alfa,PZM,USD,sell,0.0197,67826.64946802,0.2,51950.4558590924,13015.23511546,8817.65,176.4588118,8817.65,8817.65,173.36028959,-3.0985222099999987,-1.7559464321407148
588,hot,USDT,PZM,buy,0.02,8817.65,0.06,alfa,PZM,USD,sell,0.0196,76296.03717617999,0.2,51950.4558590924,13015.23511546,8817.65,176.4588118,8817.65,8817.65,172.48028812,-3.978523679999995,-2.254647211672993
589,hot,USDT,PZM,buy,0.02,8817.65,0.06,live,PZM,USD,sell,0.01951,100.0,0.18,51950.4558590924,3412.91078305,100.0,2.0012,100.0,100.0,1.9474882,-0.053711799999999865,-2.683979612232654
590,hot,USDT,PZM,buy,0.02,8817.65,0.06,live,PZM,USD,sell,0.0195,200.0,0.18,51950.4558590924,3412.91078305,200.0,4.0024,200.0,200.0,3.89298,-0.10941999999999963,-2.7338596841894773
591,hot,USDT,PZM,buy,0.02,8817.65,0.06,live,PZM,USD,sell,0.01921,300.7781740000001,0.18,51950.4558590924,3412.91078305,300.778174,6.0191728180999995,300.778174,300.778174,5.7675484148,-0.25162440329999924,-4.180381771783495
592,hot,USDT,PZM,buy,0.02,8817.65,0.06,live,PZM,USD,sell,0.019,505.73219865,0.18,51950.4558590924,3412.91078305,505.73219865,10.1207127594,505.73219865,505.73219865,9.591615733200001,-0.5290970261999988,-5.227863281749396
593,hot,USDT,PZM,buy,0.02,8817.65,0.06,live,PZM,USD,sell,0.0188,517.99586549,0.18,51950.4558590924,3412.91078305,517.99586549,10.3661332602,517.99586549,517.99586549,9.7207932911,-0.6453399691000001,-6.225464721524805
594,hot,USDT,PZM,buy,0.02001904,9078.36,0.06,alfa,PZM,USD,sell,0.0197,67826.64946802,0.2,51901.046063240196,13015.23511546,9078.36,181.84909600560002,9078.36,9078.36,178.48600461599997,-3.3630913896000436,-1.849385816851395
595,hot,USDT,PZM,buy,0.02001904,9078.36,0.06,alfa,PZM,USD,sell,0.0196,76296.03717617999,0.2,51901.046063240196,13015.23511546,9078.36,181.84909600560002,9078.36,9078.36,177.579984288,-4.269111717600026,-2.34761228478615
596,hot,USDT,PZM,buy,0.02001904,9078.36,0.06,live,PZM,USD,sell,0.01951,100.0,0.18,51901.046063240196,3412.91078305,100.0,2.0031051424,100.0,100.0,1.9474882,-0.055616942399999925,-2.776536349627811
597,hot,USDT,PZM,buy,0.02001904,9078.36,0.06,live,PZM,USD,sell,0.0195,200.0,0.18,51901.046063240196,3412.91078305,200.0,4.0062102848,200.0,200.0,3.89298,-0.11323028479999975,-2.8263689809196446
598,hot,USDT,PZM,buy,0.02001904,9078.36,0.06,live,PZM,USD,sell,0.01921,300.7781740000001,0.18,51901.046063240196,3412.91078305,300.778174,6.0249030706,300.778174,300.778174,5.7675484148,-0.2573546557999995,-4.271515288865393
599,hot,USDT,PZM,buy,0.02001904,9078.36,0.06,live,PZM,USD,sell,0.019,505.73219865,0.18,51901.046063240196,3412.91078305,505.73219865,10.1303476779,505.73219865,505.73219865,9.591615733200001,-0.5387319446999985,-5.318000544791534
600,hot,USDT,PZM,buy,0.02001904,9078.36,0.06,live,PZM,USD,sell,0.0188,517.99586549,0.18,51901.046063240196,3412.91078305,517.99586549,10.376001818999999,517.99586549,517.99586549,9.7207932911,-0.6552085278999993,-6.3146531711300895
